[2026-07-26 19:34:23] [INFO ] [main] [Main]: loaded /partic_core_stdlib/lang/partic/stdlib/core/Object.partic
[2026-07-26 19:34:23] [INFO ] [main] [Main]: loaded /partic_core_stdlib/lang/partic/stdlib/core/memory/Memory.partic
[2026-07-26 19:34:23] [INFO ] [main] [Main]: loaded /partic_core_stdlib/lang/partic/stdlib/core/memory/manage/Disposable.partic
[2026-07-26 19:34:23] [INFO ] [main] [Main]: loaded /partic_core_stdlib/lang/partic/stdlib/core/exception/Throwable.partic
[2026-07-26 19:34:23] [INFO ] [main] [Main]: loaded /partic_core_stdlib/lang/partic/stdlib/core/exception/exception/RuntimeException.partic
[2026-07-26 19:34:23] [INFO ] [main] [Main]: loaded /partic_core_stdlib/lang/partic/stdlib/core/exception/exception/Exception.partic
[2026-07-26 19:34:23] [INFO ] [main] [Main]: loaded /partic_core_stdlib/lang/partic/stdlib/core/exception/error/Error.partic
[2026-07-26 19:34:23] [INFO ] [main] [Main]: loaded /partic_core_stdlib/lang/partic/stdlib/core/collection/collection/Iterator.partic
[2026-07-26 19:34:23] [INFO ] [main] [Main]: loaded /partic_core_stdlib/lang/partic/stdlib/core/collection/collection/Iterable.partic
[2026-07-26 19:34:23] [INFO ] [main] [Main]: loaded build/x86_64/kernel/.partic_src/mnt/e/Partix_OS/Kernel/kernel/src/main/partic/kr/partix/kernel/lib/KrAlloc.partic
[2026-07-26 19:34:23] [INFO ] [main] [Main]: loaded build/x86_64/kernel/.partic_src/mnt/e/Partix_OS/Kernel/kernel/src/main/partic/kr/partix/kernel/main/ApKrMain.partic
[2026-07-26 19:34:23] [INFO ] [main] [Main]: loaded build/x86_64/kernel/.partic_src/mnt/e/Partix_OS/Kernel/kernel/src/main/partic/kr/partix/kernel/main/BspKrMain.partic
[2026-07-26 19:34:23] [INFO ] [main] [Main]: entry: kr.partix.kernel.main.BspKrMain
[2026-07-26 19:34:23] [INFO ] [main] [Main]: generated build/x86_64/kernel/.partic_src.ll
[2026-07-26 19:34:36] [INFO ] [main] [Main]: loaded /partic_core_stdlib/lang/partic/stdlib/core/Object.partic
[2026-07-26 19:34:36] [INFO ] [main] [Main]: loaded /partic_core_stdlib/lang/partic/stdlib/core/memory/Memory.partic
[2026-07-26 19:34:36] [INFO ] [main] [Main]: loaded /partic_core_stdlib/lang/partic/stdlib/core/memory/manage/Disposable.partic
[2026-07-26 19:34:36] [INFO ] [main] [Main]: loaded /partic_core_stdlib/lang/partic/stdlib/core/exception/Throwable.partic
[2026-07-26 19:34:36] [INFO ] [main] [Main]: loaded /partic_core_stdlib/lang/partic/stdlib/core/exception/exception/RuntimeException.partic
[2026-07-26 19:34:36] [INFO ] [main] [Main]: loaded /partic_core_stdlib/lang/partic/stdlib/core/exception/exception/Exception.partic
[2026-07-26 19:34:36] [INFO ] [main] [Main]: loaded /partic_core_stdlib/lang/partic/stdlib/core/exception/error/Error.partic
[2026-07-26 19:34:36] [INFO ] [main] [Main]: loaded /partic_core_stdlib/lang/partic/stdlib/core/collection/collection/Iterator.partic
[2026-07-26 19:34:36] [INFO ] [main] [Main]: loaded /partic_core_stdlib/lang/partic/stdlib/core/collection/collection/Iterable.partic
[2026-07-26 19:34:36] [INFO ] [main] [Main]: loaded build/x86_64/kernel/.partic_src/mnt/e/Partix_OS/Kernel/kernel/src/main/partic/kr/partix/kernel/lib/KrAlloc.partic
[2026-07-26 19:34:36] [INFO ] [main] [Main]: loaded build/x86_64/kernel/.partic_src/mnt/e/Partix_OS/Kernel/kernel/src/main/partic/kr/partix/kernel/main/ApKrMain.partic
[2026-07-26 19:34:36] [INFO ] [main] [Main]: loaded build/x86_64/kernel/.partic_src/mnt/e/Partix_OS/Kernel/kernel/src/main/partic/kr/partix/kernel/main/BspKrMain.partic
[2026-07-26 19:34:36] [INFO ] [main] [Main]: entry: kr.partix.kernel.main.BspKrMain
[2026-07-26 19:34:36] [INFO ] [main] [Main]: generated build/x86_64/kernel/.partic_src.ll
[2026-07-26 19:35:30] [INFO ] [main] [Main]: loaded /partic_core_stdlib/lang/partic/stdlib/core/Object.partic
[2026-07-26 19:35:30] [INFO ] [main] [Main]: loaded /partic_core_stdlib/lang/partic/stdlib/core/memory/Memory.partic
[2026-07-26 19:35:30] [INFO ] [main] [Main]: loaded /partic_core_stdlib/lang/partic/stdlib/core/memory/manage/Disposable.partic
[2026-07-26 19:35:30] [INFO ] [main] [Main]: loaded /partic_core_stdlib/lang/partic/stdlib/core/exception/Throwable.partic
[2026-07-26 19:35:30] [INFO ] [main] [Main]: loaded /partic_core_stdlib/lang/partic/stdlib/core/exception/exception/RuntimeException.partic
[2026-07-26 19:35:30] [INFO ] [main] [Main]: loaded /partic_core_stdlib/lang/partic/stdlib/core/exception/exception/Exception.partic
[2026-07-26 19:35:30] [INFO ] [main] [Main]: loaded /partic_core_stdlib/lang/partic/stdlib/core/exception/error/Error.partic
[2026-07-26 19:35:30] [INFO ] [main] [Main]: loaded /partic_core_stdlib/lang/partic/stdlib/core/collection/collection/Iterator.partic
[2026-07-26 19:35:30] [INFO ] [main] [Main]: loaded /partic_core_stdlib/lang/partic/stdlib/core/collection/collection/Iterable.partic
[2026-07-26 19:35:30] [ERROR] [main] [Main]: I/O error: /mnt/e/GoJavaNative/ParticStdlibAdditional/src/partic
[2026-07-26 19:37:40] [INFO ] [main] [Main]: loaded /partic_core_stdlib/lang/partic/stdlib/core/Object.partic
[2026-07-26 19:37:40] [INFO ] [main] [Main]: loaded /partic_core_stdlib/lang/partic/stdlib/core/memory/Memory.partic
[2026-07-26 19:37:40] [INFO ] [main] [Main]: loaded /partic_core_stdlib/lang/partic/stdlib/core/memory/manage/Disposable.partic
[2026-07-26 19:37:40] [INFO ] [main] [Main]: loaded /partic_core_stdlib/lang/partic/stdlib/core/exception/Throwable.partic
[2026-07-26 19:37:40] [INFO ] [main] [Main]: loaded /partic_core_stdlib/lang/partic/stdlib/core/exception/exception/RuntimeException.partic
[2026-07-26 19:37:40] [INFO ] [main] [Main]: loaded /partic_core_stdlib/lang/partic/stdlib/core/exception/exception/Exception.partic
[2026-07-26 19:37:40] [INFO ] [main] [Main]: loaded /partic_core_stdlib/lang/partic/stdlib/core/exception/error/Error.partic
[2026-07-26 19:37:40] [INFO ] [main] [Main]: loaded /partic_core_stdlib/lang/partic/stdlib/core/collection/collection/Iterator.partic
[2026-07-26 19:37:40] [INFO ] [main] [Main]: loaded /partic_core_stdlib/lang/partic/stdlib/core/collection/collection/Iterable.partic
[2026-07-26 19:37:40] [INFO ] [main] [Main]: loaded build/x86_64/kernel/.partic_src/mnt/e/Partix_OS/Kernel/kernel/src/main/partic/kr/partix/kernel/lib/KrAlloc.partic
[2026-07-26 19:37:40] [INFO ] [main] [Main]: loaded build/x86_64/kernel/.partic_src/mnt/e/Partix_OS/Kernel/kernel/src/main/partic/kr/partix/kernel/main/ApKrMain.partic
[2026-07-26 19:37:40] [INFO ] [main] [Main]: loaded build/x86_64/kernel/.partic_src/mnt/e/Partix_OS/Kernel/kernel/src/main/partic/kr/partix/kernel/main/BspKrMain.partic
[2026-07-26 19:37:40] [INFO ] [main] [Main]: entry: kr.partix.kernel.main.BspKrMain
[2026-07-26 19:37:40] [INFO ] [main] [Main]: generated build/x86_64/kernel/.partic_src.ll
[2026-07-26 19:38:00] [INFO ] [main] [Main]: loaded /partic_core_stdlib/lang/partic/stdlib/core/Object.partic
[2026-07-26 19:38:01] [INFO ] [main] [Main]: loaded /partic_core_stdlib/lang/partic/stdlib/core/memory/Memory.partic
[2026-07-26 19:38:01] [INFO ] [main] [Main]: loaded /partic_core_stdlib/lang/partic/stdlib/core/memory/manage/Disposable.partic
[2026-07-26 19:38:01] [INFO ] [main] [Main]: loaded /partic_core_stdlib/lang/partic/stdlib/core/exception/Throwable.partic
[2026-07-26 19:38:01] [INFO ] [main] [Main]: loaded /partic_core_stdlib/lang/partic/stdlib/core/exception/exception/RuntimeException.partic
[2026-07-26 19:38:01] [INFO ] [main] [Main]: loaded /partic_core_stdlib/lang/partic/stdlib/core/exception/exception/Exception.partic
[2026-07-26 19:38:01] [INFO ] [main] [Main]: loaded /partic_core_stdlib/lang/partic/stdlib/core/exception/error/Error.partic
[2026-07-26 19:38:01] [INFO ] [main] [Main]: loaded /partic_core_stdlib/lang/partic/stdlib/core/collection/collection/Iterator.partic
[2026-07-26 19:38:01] [INFO ] [main] [Main]: loaded /partic_core_stdlib/lang/partic/stdlib/core/collection/collection/Iterable.partic
[2026-07-26 19:38:01] [INFO ] [main] [Main]: loaded build/x86_64/kernel/.partic_src/mnt/e/Partix_OS/Kernel/kernel/src/main/partic/kr/partix/kernel/lib/KrAlloc.partic
[2026-07-26 19:38:01] [INFO ] [main] [Main]: loaded build/x86_64/kernel/.partic_src/mnt/e/Partix_OS/Kernel/kernel/src/main/partic/kr/partix/kernel/main/ApKrMain.partic
[2026-07-26 19:38:01] [INFO ] [main] [Main]: loaded build/x86_64/kernel/.partic_src/mnt/e/Partix_OS/Kernel/kernel/src/main/partic/kr/partix/kernel/main/BspKrMain.partic
[2026-07-26 19:38:01] [INFO ] [main] [Main]: entry: kr.partix.kernel.main.BspKrMain
[2026-07-26 19:38:01] [INFO ] [main] [Main]: generated build/x86_64/kernel/.partic_src.ll
[2026-07-26 19:38:30] [INFO ] [main] [Main]: loaded /partic_core_stdlib/lang/partic/stdlib/core/Object.partic
[2026-07-26 19:38:30] [INFO ] [main] [Main]: loaded /partic_core_stdlib/lang/partic/stdlib/core/memory/Memory.partic
[2026-07-26 19:38:30] [INFO ] [main] [Main]: loaded /partic_core_stdlib/lang/partic/stdlib/core/memory/manage/Disposable.partic
[2026-07-26 19:38:30] [INFO ] [main] [Main]: loaded /partic_core_stdlib/lang/partic/stdlib/core/exception/Throwable.partic
[2026-07-26 19:38:30] [INFO ] [main] [Main]: loaded /partic_core_stdlib/lang/partic/stdlib/core/exception/exception/RuntimeException.partic
[2026-07-26 19:38:30] [INFO ] [main] [Main]: loaded /partic_core_stdlib/lang/partic/stdlib/core/exception/exception/Exception.partic
[2026-07-26 19:38:30] [INFO ] [main] [Main]: loaded /partic_core_stdlib/lang/partic/stdlib/core/exception/error/Error.partic
[2026-07-26 19:38:30] [INFO ] [main] [Main]: loaded /partic_core_stdlib/lang/partic/stdlib/core/collection/collection/Iterator.partic
[2026-07-26 19:38:30] [INFO ] [main] [Main]: loaded /partic_core_stdlib/lang/partic/stdlib/core/collection/collection/Iterable.partic
[2026-07-26 19:38:30] [INFO ] [main] [Main]: loaded /mnt/e/GoJavaNative/ParticAdditionalStdlib/ParticStdlibAdditional/src/partic/lang/partic/stdlib/additional/collection/collection/Collection.partic
[2026-07-26 19:38:30] [INFO ] [main] [Main]: loaded /mnt/e/GoJavaNative/ParticAdditionalStdlib/ParticStdlibAdditional/src/partic/lang/partic/stdlib/additional/collection/list/ArrayList.partic
[2026-07-26 19:38:30] [INFO ] [main] [Main]: loaded /mnt/e/GoJavaNative/ParticAdditionalStdlib/ParticStdlibAdditional/src/partic/lang/partic/stdlib/additional/collection/list/ArrayListIterator.partic
[2026-07-26 19:38:30] [INFO ] [main] [Main]: loaded /mnt/e/GoJavaNative/ParticAdditionalStdlib/ParticStdlibAdditional/src/partic/lang/partic/stdlib/additional/collection/list/List.partic
[2026-07-26 19:38:30] [INFO ] [main] [Main]: loaded /mnt/e/GoJavaNative/ParticAdditionalStdlib/ParticStdlibAdditional/src/partic/lang/partic/stdlib/additional/collection/map/HashMap.partic
[2026-07-26 19:38:30] [INFO ] [main] [Main]: loaded /mnt/e/GoJavaNative/ParticAdditionalStdlib/ParticStdlibAdditional/src/partic/lang/partic/stdlib/additional/collection/map/Map.partic
[2026-07-26 19:38:30] [INFO ] [main] [Main]: loaded /mnt/e/GoJavaNative/ParticAdditionalStdlib/ParticStdlibAdditional/src/partic/lang/partic/stdlib/additional/math/Math.partic
[2026-07-26 19:38:30] [INFO ] [main] [Main]: loaded /mnt/e/GoJavaNative/ParticAdditionalStdlib/ParticStdlibAdditional/src/partic/lang/partic/stdlib/additional/utils/StrBuilder.partic
[2026-07-26 19:38:30] [INFO ] [main] [Main]: loaded /mnt/e/GoJavaNative/ParticAdditionalStdlib/ParticStdlibAdditional/src/partic/lang/partic/stdlib/additional/utils/StrUtils.partic
[2026-07-26 19:38:30] [INFO ] [main] [Main]: loaded build/x86_64/kernel/.partic_src/mnt/e/Partix_OS/Kernel/kernel/src/main/partic/kr/partix/kernel/lib/KrAlloc.partic
[2026-07-26 19:38:30] [INFO ] [main] [Main]: loaded build/x86_64/kernel/.partic_src/mnt/e/Partix_OS/Kernel/kernel/src/main/partic/kr/partix/kernel/main/ApKrMain.partic
[2026-07-26 19:38:30] [INFO ] [main] [Main]: loaded build/x86_64/kernel/.partic_src/mnt/e/Partix_OS/Kernel/kernel/src/main/partic/kr/partix/kernel/main/BspKrMain.partic
[2026-07-26 19:38:30] [INFO ] [main] [Main]: entry: kr.partix.kernel.main.BspKrMain
[2026-07-26 19:38:30] [INFO ] [main] [Main]: generated build/x86_64/kernel/.partic_src.ll
[2026-07-26 19:41:21] [INFO ] [main] [Main]: loaded /partic_core_stdlib/lang/partic/stdlib/core/Object.partic
[2026-07-26 19:41:21] [INFO ] [main] [Main]: loaded /partic_core_stdlib/lang/partic/stdlib/core/memory/Memory.partic
[2026-07-26 19:41:21] [INFO ] [main] [Main]: loaded /partic_core_stdlib/lang/partic/stdlib/core/memory/manage/Disposable.partic
[2026-07-26 19:41:21] [INFO ] [main] [Main]: loaded /partic_core_stdlib/lang/partic/stdlib/core/exception/Throwable.partic
[2026-07-26 19:41:21] [INFO ] [main] [Main]: loaded /partic_core_stdlib/lang/partic/stdlib/core/exception/exception/RuntimeException.partic
[2026-07-26 19:41:21] [INFO ] [main] [Main]: loaded /partic_core_stdlib/lang/partic/stdlib/core/exception/exception/Exception.partic
[2026-07-26 19:41:21] [INFO ] [main] [Main]: loaded /partic_core_stdlib/lang/partic/stdlib/core/exception/error/Error.partic
[2026-07-26 19:41:21] [INFO ] [main] [Main]: loaded /partic_core_stdlib/lang/partic/stdlib/core/collection/collection/Iterator.partic
[2026-07-26 19:41:21] [INFO ] [main] [Main]: loaded /partic_core_stdlib/lang/partic/stdlib/core/collection/collection/Iterable.partic
[2026-07-26 19:41:21] [INFO ] [main] [Main]: loaded /mnt/e/GoJavaNative/ParticAdditionalStdlib/ParticStdlibAdditional/src/partic/lang/partic/stdlib/additional/collection/collection/Collection.partic
[2026-07-26 19:41:21] [INFO ] [main] [Main]: loaded /mnt/e/GoJavaNative/ParticAdditionalStdlib/ParticStdlibAdditional/src/partic/lang/partic/stdlib/additional/collection/list/ArrayList.partic
[2026-07-26 19:41:21] [INFO ] [main] [Main]: loaded /mnt/e/GoJavaNative/ParticAdditionalStdlib/ParticStdlibAdditional/src/partic/lang/partic/stdlib/additional/collection/list/ArrayListIterator.partic
[2026-07-26 19:41:21] [INFO ] [main] [Main]: loaded /mnt/e/GoJavaNative/ParticAdditionalStdlib/ParticStdlibAdditional/src/partic/lang/partic/stdlib/additional/collection/list/List.partic
[2026-07-26 19:41:22] [INFO ] [main] [Main]: loaded /mnt/e/GoJavaNative/ParticAdditionalStdlib/ParticStdlibAdditional/src/partic/lang/partic/stdlib/additional/collection/map/HashMap.partic
[2026-07-26 19:41:22] [INFO ] [main] [Main]: loaded /mnt/e/GoJavaNative/ParticAdditionalStdlib/ParticStdlibAdditional/src/partic/lang/partic/stdlib/additional/collection/map/Map.partic
[2026-07-26 19:41:22] [INFO ] [main] [Main]: loaded /mnt/e/GoJavaNative/ParticAdditionalStdlib/ParticStdlibAdditional/src/partic/lang/partic/stdlib/additional/math/Math.partic
[2026-07-26 19:41:22] [INFO ] [main] [Main]: loaded /mnt/e/GoJavaNative/ParticAdditionalStdlib/ParticStdlibAdditional/src/partic/lang/partic/stdlib/additional/utils/StrBuilder.partic
[2026-07-26 19:41:22] [INFO ] [main] [Main]: loaded /mnt/e/GoJavaNative/ParticAdditionalStdlib/ParticStdlibAdditional/src/partic/lang/partic/stdlib/additional/utils/StrUtils.partic
[2026-07-26 19:41:22] [INFO ] [main] [Main]: loaded build/x86_64/kernel/.partic_src/mnt/e/Partix_OS/Kernel/kernel/src/main/partic/kr/partix/kernel/lib/KrAlloc.partic
[2026-07-26 19:41:22] [INFO ] [main] [Main]: loaded build/x86_64/kernel/.partic_src/mnt/e/Partix_OS/Kernel/kernel/src/main/partic/kr/partix/kernel/main/ApKrMain.partic
[2026-07-26 19:41:22] [INFO ] [main] [Main]: loaded build/x86_64/kernel/.partic_src/mnt/e/Partix_OS/Kernel/kernel/src/main/partic/kr/partix/kernel/main/BspKrMain.partic
[2026-07-26 19:41:22] [INFO ] [main] [Main]: entry: kr.partix.kernel.main.BspKrMain
[2026-07-26 19:41:22] [INFO ] [main] [Main]: generated build/x86_64/kernel/.partic_src.ll
[2026-07-26 19:52:35] [INFO ] [main] [Main]: loaded /partic_core_stdlib/lang/partic/stdlib/core/Object.partic
[2026-07-26 19:52:35] [INFO ] [main] [Main]: loaded /partic_core_stdlib/lang/partic/stdlib/core/memory/Memory.partic
[2026-07-26 19:52:35] [INFO ] [main] [Main]: loaded /partic_core_stdlib/lang/partic/stdlib/core/memory/manage/Disposable.partic
[2026-07-26 19:52:35] [INFO ] [main] [Main]: loaded /partic_core_stdlib/lang/partic/stdlib/core/exception/Throwable.partic
[2026-07-26 19:52:35] [INFO ] [main] [Main]: loaded /partic_core_stdlib/lang/partic/stdlib/core/exception/exception/RuntimeException.partic
[2026-07-26 19:52:35] [INFO ] [main] [Main]: loaded /partic_core_stdlib/lang/partic/stdlib/core/exception/exception/Exception.partic
[2026-07-26 19:52:35] [INFO ] [main] [Main]: loaded /partic_core_stdlib/lang/partic/stdlib/core/exception/error/Error.partic
[2026-07-26 19:52:35] [INFO ] [main] [Main]: loaded /partic_core_stdlib/lang/partic/stdlib/core/collection/collection/Iterator.partic
[2026-07-26 19:52:35] [INFO ] [main] [Main]: loaded /partic_core_stdlib/lang/partic/stdlib/core/collection/collection/Iterable.partic
[2026-07-26 19:52:35] [INFO ] [main] [Main]: loaded /mnt/e/GoJavaNative/ParticAdditionalStdlib/ParticStdlibAdditional/src/partic/lang/partic/stdlib/additional/collection/collection/Collection.partic
[2026-07-26 19:52:35] [INFO ] [main] [Main]: loaded /mnt/e/GoJavaNative/ParticAdditionalStdlib/ParticStdlibAdditional/src/partic/lang/partic/stdlib/additional/collection/list/ArrayList.partic
[2026-07-26 19:52:35] [INFO ] [main] [Main]: loaded /mnt/e/GoJavaNative/ParticAdditionalStdlib/ParticStdlibAdditional/src/partic/lang/partic/stdlib/additional/collection/list/ArrayListIterator.partic
[2026-07-26 19:52:35] [INFO ] [main] [Main]: loaded /mnt/e/GoJavaNative/ParticAdditionalStdlib/ParticStdlibAdditional/src/partic/lang/partic/stdlib/additional/collection/list/List.partic
[2026-07-26 19:52:35] [INFO ] [main] [Main]: loaded /mnt/e/GoJavaNative/ParticAdditionalStdlib/ParticStdlibAdditional/src/partic/lang/partic/stdlib/additional/collection/map/HashMap.partic
[2026-07-26 19:52:35] [INFO ] [main] [Main]: loaded /mnt/e/GoJavaNative/ParticAdditionalStdlib/ParticStdlibAdditional/src/partic/lang/partic/stdlib/additional/collection/map/Map.partic
[2026-07-26 19:52:35] [INFO ] [main] [Main]: loaded /mnt/e/GoJavaNative/ParticAdditionalStdlib/ParticStdlibAdditional/src/partic/lang/partic/stdlib/additional/math/Math.partic
[2026-07-26 19:52:35] [INFO ] [main] [Main]: loaded /mnt/e/GoJavaNative/ParticAdditionalStdlib/ParticStdlibAdditional/src/partic/lang/partic/stdlib/additional/utils/StrBuilder.partic
[2026-07-26 19:52:35] [INFO ] [main] [Main]: loaded /mnt/e/GoJavaNative/ParticAdditionalStdlib/ParticStdlibAdditional/src/partic/lang/partic/stdlib/additional/utils/StrUtils.partic
[2026-07-26 19:52:35] [INFO ] [main] [Main]: loaded build/x86_64/kernel/.partic_src/mnt/e/Partix_OS/Kernel/kernel/src/main/partic/kr/partix/kernel/lib/KrAlloc.partic
[2026-07-26 19:52:35] [INFO ] [main] [Main]: loaded build/x86_64/kernel/.partic_src/mnt/e/Partix_OS/Kernel/kernel/src/main/partic/kr/partix/kernel/main/ApKrMain.partic
[2026-07-26 19:52:35] [INFO ] [main] [Main]: loaded build/x86_64/kernel/.partic_src/mnt/e/Partix_OS/Kernel/kernel/src/main/partic/kr/partix/kernel/main/BspKrMain.partic
[2026-07-26 19:52:35] [INFO ] [main] [Main]: entry: kr.partix.kernel.main.BspKrMain
[2026-07-26 19:52:35] [INFO ] [main] [Main]: generated build/x86_64/kernel/.partic_src.ll
[2026-07-26 19:57:06] [INFO ] [main] [Main]: loaded /partic_core_stdlib/lang/partic/stdlib/core/Object.partic
[2026-07-26 19:57:06] [INFO ] [main] [Main]: loaded /partic_core_stdlib/lang/partic/stdlib/core/memory/Memory.partic
[2026-07-26 19:57:06] [INFO ] [main] [Main]: loaded /partic_core_stdlib/lang/partic/stdlib/core/memory/manage/Disposable.partic
[2026-07-26 19:57:06] [INFO ] [main] [Main]: loaded /partic_core_stdlib/lang/partic/stdlib/core/exception/Throwable.partic
[2026-07-26 19:57:06] [INFO ] [main] [Main]: loaded /partic_core_stdlib/lang/partic/stdlib/core/exception/exception/RuntimeException.partic
[2026-07-26 19:57:06] [INFO ] [main] [Main]: loaded /partic_core_stdlib/lang/partic/stdlib/core/exception/exception/Exception.partic
[2026-07-26 19:57:06] [INFO ] [main] [Main]: loaded /partic_core_stdlib/lang/partic/stdlib/core/exception/error/Error.partic
[2026-07-26 19:57:06] [INFO ] [main] [Main]: loaded /partic_core_stdlib/lang/partic/stdlib/core/collection/collection/Iterator.partic
[2026-07-26 19:57:06] [INFO ] [main] [Main]: loaded /partic_core_stdlib/lang/partic/stdlib/core/collection/collection/Iterable.partic
[2026-07-26 19:57:06] [INFO ] [main] [Main]: loaded /mnt/e/GoJavaNative/ParticAdditionalStdlib/ParticStdlibAdditional/src/partic/lang/partic/stdlib/additional/collection/collection/Collection.partic
[2026-07-26 19:57:06] [INFO ] [main] [Main]: loaded /mnt/e/GoJavaNative/ParticAdditionalStdlib/ParticStdlibAdditional/src/partic/lang/partic/stdlib/additional/collection/list/ArrayList.partic
[2026-07-26 19:57:06] [INFO ] [main] [Main]: loaded /mnt/e/GoJavaNative/ParticAdditionalStdlib/ParticStdlibAdditional/src/partic/lang/partic/stdlib/additional/collection/list/ArrayListIterator.partic
[2026-07-26 19:57:06] [INFO ] [main] [Main]: loaded /mnt/e/GoJavaNative/ParticAdditionalStdlib/ParticStdlibAdditional/src/partic/lang/partic/stdlib/additional/collection/list/List.partic
[2026-07-26 19:57:06] [INFO ] [main] [Main]: loaded /mnt/e/GoJavaNative/ParticAdditionalStdlib/ParticStdlibAdditional/src/partic/lang/partic/stdlib/additional/collection/map/HashMap.partic
[2026-07-26 19:57:06] [INFO ] [main] [Main]: loaded /mnt/e/GoJavaNative/ParticAdditionalStdlib/ParticStdlibAdditional/src/partic/lang/partic/stdlib/additional/collection/map/Map.partic
[2026-07-26 19:57:06] [INFO ] [main] [Main]: loaded /mnt/e/GoJavaNative/ParticAdditionalStdlib/ParticStdlibAdditional/src/partic/lang/partic/stdlib/additional/math/Math.partic
[2026-07-26 19:57:06] [INFO ] [main] [Main]: loaded /mnt/e/GoJavaNative/ParticAdditionalStdlib/ParticStdlibAdditional/src/partic/lang/partic/stdlib/additional/utils/StrBuilder.partic
[2026-07-26 19:57:06] [INFO ] [main] [Main]: loaded /mnt/e/GoJavaNative/ParticAdditionalStdlib/ParticStdlibAdditional/src/partic/lang/partic/stdlib/additional/utils/StrUtils.partic
[2026-07-26 19:57:06] [INFO ] [main] [Main]: loaded build/x86_64/kernel/.partic_src/mnt/e/Partix_OS/Kernel/kernel/src/main/partic/kr/partix/kernel/lib/KrAlloc.partic
[2026-07-26 19:57:06] [INFO ] [main] [Main]: loaded build/x86_64/kernel/.partic_src/mnt/e/Partix_OS/Kernel/kernel/src/main/partic/kr/partix/kernel/main/ApKrMain.partic
[2026-07-26 19:57:06] [INFO ] [main] [Main]: loaded build/x86_64/kernel/.partic_src/mnt/e/Partix_OS/Kernel/kernel/src/main/partic/kr/partix/kernel/main/BspKrMain.partic
[2026-07-26 19:57:06] [INFO ] [main] [Main]: entry: kr.partix.kernel.main.BspKrMain
[2026-07-26 19:57:06] [INFO ] [main] [Main]: generated build/x86_64/kernel/.partic_src.ll
[2026-07-26 20:42:32] [INFO ] [main] [Main]: loaded /partic_core_stdlib/lang/partic/stdlib/core/Object.partic
[2026-07-26 20:42:32] [INFO ] [main] [Main]: loaded /partic_core_stdlib/lang/partic/stdlib/core/memory/Memory.partic
[2026-07-26 20:42:32] [INFO ] [main] [Main]: loaded /partic_core_stdlib/lang/partic/stdlib/core/memory/manage/Disposable.partic
[2026-07-26 20:42:32] [INFO ] [main] [Main]: loaded /partic_core_stdlib/lang/partic/stdlib/core/exception/Throwable.partic
[2026-07-26 20:42:32] [INFO ] [main] [Main]: loaded /partic_core_stdlib/lang/partic/stdlib/core/exception/exception/RuntimeException.partic
[2026-07-26 20:42:32] [INFO ] [main] [Main]: loaded /partic_core_stdlib/lang/partic/stdlib/core/exception/exception/Exception.partic
[2026-07-26 20:42:32] [INFO ] [main] [Main]: loaded /partic_core_stdlib/lang/partic/stdlib/core/exception/error/Error.partic
[2026-07-26 20:42:32] [INFO ] [main] [Main]: loaded /partic_core_stdlib/lang/partic/stdlib/core/collection/collection/Iterator.partic
[2026-07-26 20:42:32] [INFO ] [main] [Main]: loaded /partic_core_stdlib/lang/partic/stdlib/core/collection/collection/Iterable.partic
[2026-07-26 20:42:32] [INFO ] [main] [Main]: loaded /mnt/e/GoJavaNative/ParticAdditionalStdlib/ParticStdlibAdditional/src/partic/lang/partic/stdlib/additional/collection/collection/Collection.partic
[2026-07-26 20:42:32] [INFO ] [main] [Main]: loaded /mnt/e/GoJavaNative/ParticAdditionalStdlib/ParticStdlibAdditional/src/partic/lang/partic/stdlib/additional/collection/list/ArrayList.partic
[2026-07-26 20:42:32] [INFO ] [main] [Main]: loaded /mnt/e/GoJavaNative/ParticAdditionalStdlib/ParticStdlibAdditional/src/partic/lang/partic/stdlib/additional/collection/list/ArrayListIterator.partic
[2026-07-26 20:42:32] [INFO ] [main] [Main]: loaded /mnt/e/GoJavaNative/ParticAdditionalStdlib/ParticStdlibAdditional/src/partic/lang/partic/stdlib/additional/collection/list/List.partic
[2026-07-26 20:42:32] [INFO ] [main] [Main]: loaded /mnt/e/GoJavaNative/ParticAdditionalStdlib/ParticStdlibAdditional/src/partic/lang/partic/stdlib/additional/collection/map/HashMap.partic
[2026-07-26 20:42:32] [INFO ] [main] [Main]: loaded /mnt/e/GoJavaNative/ParticAdditionalStdlib/ParticStdlibAdditional/src/partic/lang/partic/stdlib/additional/collection/map/Map.partic
[2026-07-26 20:42:32] [INFO ] [main] [Main]: loaded /mnt/e/GoJavaNative/ParticAdditionalStdlib/ParticStdlibAdditional/src/partic/lang/partic/stdlib/additional/math/Math.partic
[2026-07-26 20:42:33] [INFO ] [main] [Main]: loaded /mnt/e/GoJavaNative/ParticAdditionalStdlib/ParticStdlibAdditional/src/partic/lang/partic/stdlib/additional/utils/StrBuilder.partic
[2026-07-26 20:42:33] [INFO ] [main] [Main]: loaded /mnt/e/GoJavaNative/ParticAdditionalStdlib/ParticStdlibAdditional/src/partic/lang/partic/stdlib/additional/utils/StrUtils.partic
[2026-07-26 20:42:33] [INFO ] [main] [Main]: loaded build/x86_64/kernel/.partic_src/mnt/e/Partix_OS/Kernel/kernel/src/main/partic/kr/partix/kernel/lib/KrAlloc.partic
[2026-07-26 20:42:33] [INFO ] [main] [Main]: loaded build/x86_64/kernel/.partic_src/mnt/e/Partix_OS/Kernel/kernel/src/main/partic/kr/partix/kernel/main/ApKrMain.partic
[2026-07-26 20:42:33] [INFO ] [main] [Main]: loaded build/x86_64/kernel/.partic_src/mnt/e/Partix_OS/Kernel/kernel/src/main/partic/kr/partix/kernel/main/BspKrMain.partic
[2026-07-26 20:42:33] [INFO ] [main] [Main]: loaded build/x86_64/kernel/.partic_src/mnt/e/Partix_OS/Kernel/kernel/src/main/partic/kr/partix/kernel/sys/System.partic
[2026-07-26 20:42:33] [INFO ] [main] [Main]: entry: kr.partix.kernel.main.BspKrMain
[2026-07-26 20:42:33] [INFO ] [main] [Main]: generated build/x86_64/kernel/.partic_src.ll
[2026-07-26 20:47:59] [INFO ] [main] [Main]: loaded /partic_core_stdlib/lang/partic/stdlib/core/Object.partic
[2026-07-26 20:47:59] [INFO ] [main] [Main]: loaded /partic_core_stdlib/lang/partic/stdlib/core/memory/Memory.partic
[2026-07-26 20:47:59] [INFO ] [main] [Main]: loaded /partic_core_stdlib/lang/partic/stdlib/core/memory/manage/Disposable.partic
[2026-07-26 20:47:59] [INFO ] [main] [Main]: loaded /partic_core_stdlib/lang/partic/stdlib/core/exception/Throwable.partic
[2026-07-26 20:47:59] [INFO ] [main] [Main]: loaded /partic_core_stdlib/lang/partic/stdlib/core/exception/exception/RuntimeException.partic
[2026-07-26 20:47:59] [INFO ] [main] [Main]: loaded /partic_core_stdlib/lang/partic/stdlib/core/exception/exception/Exception.partic
[2026-07-26 20:47:59] [INFO ] [main] [Main]: loaded /partic_core_stdlib/lang/partic/stdlib/core/exception/error/Error.partic
[2026-07-26 20:47:59] [INFO ] [main] [Main]: loaded /partic_core_stdlib/lang/partic/stdlib/core/collection/collection/Iterator.partic
[2026-07-26 20:47:59] [INFO ] [main] [Main]: loaded /partic_core_stdlib/lang/partic/stdlib/core/collection/collection/Iterable.partic
[2026-07-26 20:47:59] [INFO ] [main] [Main]: loaded /mnt/e/GoJavaNative/ParticAdditionalStdlib/ParticStdlibAdditional/src/partic/lang/partic/stdlib/additional/collection/collection/Collection.partic
[2026-07-26 20:47:59] [INFO ] [main] [Main]: loaded /mnt/e/GoJavaNative/ParticAdditionalStdlib/ParticStdlibAdditional/src/partic/lang/partic/stdlib/additional/collection/list/ArrayList.partic
[2026-07-26 20:47:59] [INFO ] [main] [Main]: loaded /mnt/e/GoJavaNative/ParticAdditionalStdlib/ParticStdlibAdditional/src/partic/lang/partic/stdlib/additional/collection/list/ArrayListIterator.partic
[2026-07-26 20:47:59] [INFO ] [main] [Main]: loaded /mnt/e/GoJavaNative/ParticAdditionalStdlib/ParticStdlibAdditional/src/partic/lang/partic/stdlib/additional/collection/list/List.partic
[2026-07-26 20:47:59] [INFO ] [main] [Main]: loaded /mnt/e/GoJavaNative/ParticAdditionalStdlib/ParticStdlibAdditional/src/partic/lang/partic/stdlib/additional/collection/map/HashMap.partic
[2026-07-26 20:47:59] [INFO ] [main] [Main]: loaded /mnt/e/GoJavaNative/ParticAdditionalStdlib/ParticStdlibAdditional/src/partic/lang/partic/stdlib/additional/collection/map/Map.partic
[2026-07-26 20:47:59] [INFO ] [main] [Main]: loaded /mnt/e/GoJavaNative/ParticAdditionalStdlib/ParticStdlibAdditional/src/partic/lang/partic/stdlib/additional/math/Math.partic
[2026-07-26 20:47:59] [INFO ] [main] [Main]: loaded /mnt/e/GoJavaNative/ParticAdditionalStdlib/ParticStdlibAdditional/src/partic/lang/partic/stdlib/additional/utils/StrBuilder.partic
[2026-07-26 20:47:59] [INFO ] [main] [Main]: loaded /mnt/e/GoJavaNative/ParticAdditionalStdlib/ParticStdlibAdditional/src/partic/lang/partic/stdlib/additional/utils/StrUtils.partic
[2026-07-26 20:47:59] [INFO ] [main] [Main]: loaded build/x86_64/kernel/.partic_src/mnt/e/Partix_OS/Kernel/kernel/src/main/partic/kr/partix/kernel/lib/KrAlloc.partic
[2026-07-26 20:47:59] [INFO ] [main] [Main]: loaded build/x86_64/kernel/.partic_src/mnt/e/Partix_OS/Kernel/kernel/src/main/partic/kr/partix/kernel/main/ApKrMain.partic
[2026-07-26 20:47:59] [INFO ] [main] [Main]: loaded build/x86_64/kernel/.partic_src/mnt/e/Partix_OS/Kernel/kernel/src/main/partic/kr/partix/kernel/main/BspKrMain.partic
[2026-07-26 20:47:59] [INFO ] [main] [Main]: loaded build/x86_64/kernel/.partic_src/mnt/e/Partix_OS/Kernel/kernel/src/main/partic/kr/partix/kernel/sys/System.partic
[2026-07-26 20:47:59] [INFO ] [main] [Main]: entry: kr.partix.kernel.main.BspKrMain
[2026-07-26 20:47:59] [INFO ] [main] [Main]: generated build/x86_64/kernel/.partic_src.ll
[2026-07-26 20:56:45] [INFO ] [main] [Main]: loaded /partic_core_stdlib/lang/partic/stdlib/core/Object.partic
[2026-07-26 20:56:45] [INFO ] [main] [Main]: loaded /partic_core_stdlib/lang/partic/stdlib/core/memory/Memory.partic
[2026-07-26 20:56:45] [INFO ] [main] [Main]: loaded /partic_core_stdlib/lang/partic/stdlib/core/memory/manage/Disposable.partic
[2026-07-26 20:56:45] [INFO ] [main] [Main]: loaded /partic_core_stdlib/lang/partic/stdlib/core/exception/Throwable.partic
[2026-07-26 20:56:45] [INFO ] [main] [Main]: loaded /partic_core_stdlib/lang/partic/stdlib/core/exception/exception/RuntimeException.partic
[2026-07-26 20:56:45] [INFO ] [main] [Main]: loaded /partic_core_stdlib/lang/partic/stdlib/core/exception/exception/Exception.partic
[2026-07-26 20:56:45] [INFO ] [main] [Main]: loaded /partic_core_stdlib/lang/partic/stdlib/core/exception/error/Error.partic
[2026-07-26 20:56:45] [INFO ] [main] [Main]: loaded /partic_core_stdlib/lang/partic/stdlib/core/collection/collection/Iterator.partic
[2026-07-26 20:56:45] [INFO ] [main] [Main]: loaded /partic_core_stdlib/lang/partic/stdlib/core/collection/collection/Iterable.partic
[2026-07-26 20:56:45] [INFO ] [main] [Main]: loaded /mnt/e/GoJavaNative/ParticAdditionalStdlib/ParticStdlibAdditional/src/partic/lang/partic/stdlib/additional/collection/collection/Collection.partic
[2026-07-26 20:56:45] [INFO ] [main] [Main]: loaded /mnt/e/GoJavaNative/ParticAdditionalStdlib/ParticStdlibAdditional/src/partic/lang/partic/stdlib/additional/collection/list/ArrayList.partic
[2026-07-26 20:56:45] [INFO ] [main] [Main]: loaded /mnt/e/GoJavaNative/ParticAdditionalStdlib/ParticStdlibAdditional/src/partic/lang/partic/stdlib/additional/collection/list/ArrayListIterator.partic
[2026-07-26 20:56:45] [INFO ] [main] [Main]: loaded /mnt/e/GoJavaNative/ParticAdditionalStdlib/ParticStdlibAdditional/src/partic/lang/partic/stdlib/additional/collection/list/List.partic
[2026-07-26 20:56:45] [INFO ] [main] [Main]: loaded /mnt/e/GoJavaNative/ParticAdditionalStdlib/ParticStdlibAdditional/src/partic/lang/partic/stdlib/additional/collection/map/HashMap.partic
[2026-07-26 20:56:45] [INFO ] [main] [Main]: loaded /mnt/e/GoJavaNative/ParticAdditionalStdlib/ParticStdlibAdditional/src/partic/lang/partic/stdlib/additional/collection/map/Map.partic
[2026-07-26 20:56:45] [INFO ] [main] [Main]: loaded /mnt/e/GoJavaNative/ParticAdditionalStdlib/ParticStdlibAdditional/src/partic/lang/partic/stdlib/additional/math/Math.partic
[2026-07-26 20:56:45] [INFO ] [main] [Main]: loaded /mnt/e/GoJavaNative/ParticAdditionalStdlib/ParticStdlibAdditional/src/partic/lang/partic/stdlib/additional/utils/StrBuilder.partic
[2026-07-26 20:56:45] [INFO ] [main] [Main]: loaded /mnt/e/GoJavaNative/ParticAdditionalStdlib/ParticStdlibAdditional/src/partic/lang/partic/stdlib/additional/utils/StrUtils.partic
[2026-07-26 20:56:45] [INFO ] [main] [Main]: loaded build/x86_64/kernel/.partic_src/mnt/e/Partix_OS/Kernel/kernel/src/main/partic/kr/partix/kernel/lib/KrAlloc.partic
[2026-07-26 20:56:45] [INFO ] [main] [Main]: loaded build/x86_64/kernel/.partic_src/mnt/e/Partix_OS/Kernel/kernel/src/main/partic/kr/partix/kernel/main/ApKrMain.partic
[2026-07-26 20:56:45] [INFO ] [main] [Main]: loaded build/x86_64/kernel/.partic_src/mnt/e/Partix_OS/Kernel/kernel/src/main/partic/kr/partix/kernel/main/BspKrMain.partic
[2026-07-26 20:56:45] [INFO ] [main] [Main]: loaded build/x86_64/kernel/.partic_src/mnt/e/Partix_OS/Kernel/kernel/src/main/partic/kr/partix/kernel/sys/System.partic
[2026-07-26 20:56:45] [INFO ] [main] [Main]: entry: kr.partix.kernel.main.BspKrMain
[2026-07-26 20:56:45] [INFO ] [main] [Main]: generated build/x86_64/kernel/.partic_src.ll
[2026-07-26 20:59:24] [INFO ] [main] [Main]: loaded /partic_core_stdlib/lang/partic/stdlib/core/Object.partic
[2026-07-26 20:59:24] [INFO ] [main] [Main]: loaded /partic_core_stdlib/lang/partic/stdlib/core/memory/Memory.partic
[2026-07-26 20:59:24] [INFO ] [main] [Main]: loaded /partic_core_stdlib/lang/partic/stdlib/core/memory/manage/Disposable.partic
[2026-07-26 20:59:24] [INFO ] [main] [Main]: loaded /partic_core_stdlib/lang/partic/stdlib/core/exception/Throwable.partic
[2026-07-26 20:59:24] [INFO ] [main] [Main]: loaded /partic_core_stdlib/lang/partic/stdlib/core/exception/exception/RuntimeException.partic
[2026-07-26 20:59:24] [INFO ] [main] [Main]: loaded /partic_core_stdlib/lang/partic/stdlib/core/exception/exception/Exception.partic
[2026-07-26 20:59:24] [INFO ] [main] [Main]: loaded /partic_core_stdlib/lang/partic/stdlib/core/exception/error/Error.partic
[2026-07-26 20:59:24] [INFO ] [main] [Main]: loaded /partic_core_stdlib/lang/partic/stdlib/core/collection/collection/Iterator.partic
[2026-07-26 20:59:24] [INFO ] [main] [Main]: loaded /partic_core_stdlib/lang/partic/stdlib/core/collection/collection/Iterable.partic
[2026-07-26 20:59:24] [INFO ] [main] [Main]: loaded /mnt/e/GoJavaNative/ParticAdditionalStdlib/ParticStdlibAdditional/src/partic/lang/partic/stdlib/additional/collection/collection/Collection.partic
[2026-07-26 20:59:24] [INFO ] [main] [Main]: loaded /mnt/e/GoJavaNative/ParticAdditionalStdlib/ParticStdlibAdditional/src/partic/lang/partic/stdlib/additional/collection/list/ArrayList.partic
[2026-07-26 20:59:24] [INFO ] [main] [Main]: loaded /mnt/e/GoJavaNative/ParticAdditionalStdlib/ParticStdlibAdditional/src/partic/lang/partic/stdlib/additional/collection/list/ArrayListIterator.partic
[2026-07-26 20:59:24] [INFO ] [main] [Main]: loaded /mnt/e/GoJavaNative/ParticAdditionalStdlib/ParticStdlibAdditional/src/partic/lang/partic/stdlib/additional/collection/list/List.partic
[2026-07-26 20:59:24] [INFO ] [main] [Main]: loaded /mnt/e/GoJavaNative/ParticAdditionalStdlib/ParticStdlibAdditional/src/partic/lang/partic/stdlib/additional/collection/map/HashMap.partic
[2026-07-26 20:59:24] [INFO ] [main] [Main]: loaded /mnt/e/GoJavaNative/ParticAdditionalStdlib/ParticStdlibAdditional/src/partic/lang/partic/stdlib/additional/collection/map/Map.partic
[2026-07-26 20:59:24] [INFO ] [main] [Main]: loaded /mnt/e/GoJavaNative/ParticAdditionalStdlib/ParticStdlibAdditional/src/partic/lang/partic/stdlib/additional/math/Math.partic
[2026-07-26 20:59:24] [INFO ] [main] [Main]: loaded /mnt/e/GoJavaNative/ParticAdditionalStdlib/ParticStdlibAdditional/src/partic/lang/partic/stdlib/additional/utils/StrBuilder.partic
[2026-07-26 20:59:24] [INFO ] [main] [Main]: loaded /mnt/e/GoJavaNative/ParticAdditionalStdlib/ParticStdlibAdditional/src/partic/lang/partic/stdlib/additional/utils/StrUtils.partic
[2026-07-26 20:59:24] [INFO ] [main] [Main]: loaded build/x86_64/kernel/.partic_src/mnt/e/Partix_OS/Kernel/kernel/src/main/partic/kr/partix/kernel/lib/KrAlloc.partic
[2026-07-26 20:59:24] [INFO ] [main] [Main]: loaded build/x86_64/kernel/.partic_src/mnt/e/Partix_OS/Kernel/kernel/src/main/partic/kr/partix/kernel/main/ApKrMain.partic
[2026-07-26 20:59:24] [INFO ] [main] [Main]: loaded build/x86_64/kernel/.partic_src/mnt/e/Partix_OS/Kernel/kernel/src/main/partic/kr/partix/kernel/main/BspKrMain.partic
[2026-07-26 20:59:24] [INFO ] [main] [Main]: loaded build/x86_64/kernel/.partic_src/mnt/e/Partix_OS/Kernel/kernel/src/main/partic/kr/partix/kernel/sys/System.partic
[2026-07-26 20:59:24] [INFO ] [main] [Main]: entry: kr.partix.kernel.main.BspKrMain
[2026-07-26 20:59:24] [INFO ] [main] [Main]: generated build/x86_64/kernel/.partic_src.ll
[2026-07-26 21:01:09] [INFO ] [main] [Main]: loaded /partic_core_stdlib/lang/partic/stdlib/core/Object.partic
[2026-07-26 21:01:09] [INFO ] [main] [Main]: loaded /partic_core_stdlib/lang/partic/stdlib/core/memory/Memory.partic
[2026-07-26 21:01:09] [INFO ] [main] [Main]: loaded /partic_core_stdlib/lang/partic/stdlib/core/memory/manage/Disposable.partic
[2026-07-26 21:01:09] [INFO ] [main] [Main]: loaded /partic_core_stdlib/lang/partic/stdlib/core/exception/Throwable.partic
[2026-07-26 21:01:09] [INFO ] [main] [Main]: loaded /partic_core_stdlib/lang/partic/stdlib/core/exception/exception/RuntimeException.partic
[2026-07-26 21:01:09] [INFO ] [main] [Main]: loaded /partic_core_stdlib/lang/partic/stdlib/core/exception/exception/Exception.partic
[2026-07-26 21:01:09] [INFO ] [main] [Main]: loaded /partic_core_stdlib/lang/partic/stdlib/core/exception/error/Error.partic
[2026-07-26 21:01:09] [INFO ] [main] [Main]: loaded /partic_core_stdlib/lang/partic/stdlib/core/collection/collection/Iterator.partic
[2026-07-26 21:01:09] [INFO ] [main] [Main]: loaded /partic_core_stdlib/lang/partic/stdlib/core/collection/collection/Iterable.partic
[2026-07-26 21:01:09] [INFO ] [main] [Main]: loaded /mnt/e/GoJavaNative/ParticAdditionalStdlib/ParticStdlibAdditional/src/partic/lang/partic/stdlib/additional/collection/collection/Collection.partic
[2026-07-26 21:01:09] [INFO ] [main] [Main]: loaded /mnt/e/GoJavaNative/ParticAdditionalStdlib/ParticStdlibAdditional/src/partic/lang/partic/stdlib/additional/collection/list/ArrayList.partic
[2026-07-26 21:01:09] [INFO ] [main] [Main]: loaded /mnt/e/GoJavaNative/ParticAdditionalStdlib/ParticStdlibAdditional/src/partic/lang/partic/stdlib/additional/collection/list/ArrayListIterator.partic
[2026-07-26 21:01:09] [INFO ] [main] [Main]: loaded /mnt/e/GoJavaNative/ParticAdditionalStdlib/ParticStdlibAdditional/src/partic/lang/partic/stdlib/additional/collection/list/List.partic
[2026-07-26 21:01:09] [INFO ] [main] [Main]: loaded /mnt/e/GoJavaNative/ParticAdditionalStdlib/ParticStdlibAdditional/src/partic/lang/partic/stdlib/additional/collection/map/HashMap.partic
[2026-07-26 21:01:09] [INFO ] [main] [Main]: loaded /mnt/e/GoJavaNative/ParticAdditionalStdlib/ParticStdlibAdditional/src/partic/lang/partic/stdlib/additional/collection/map/Map.partic
[2026-07-26 21:01:09] [INFO ] [main] [Main]: loaded /mnt/e/GoJavaNative/ParticAdditionalStdlib/ParticStdlibAdditional/src/partic/lang/partic/stdlib/additional/math/Math.partic
[2026-07-26 21:01:09] [INFO ] [main] [Main]: loaded /mnt/e/GoJavaNative/ParticAdditionalStdlib/ParticStdlibAdditional/src/partic/lang/partic/stdlib/additional/utils/StrBuilder.partic
[2026-07-26 21:01:09] [INFO ] [main] [Main]: loaded /mnt/e/GoJavaNative/ParticAdditionalStdlib/ParticStdlibAdditional/src/partic/lang/partic/stdlib/additional/utils/StrUtils.partic
[2026-07-26 21:01:09] [INFO ] [main] [Main]: loaded build/x86_64/kernel/.partic_src/mnt/e/Partix_OS/Kernel/kernel/src/main/partic/kr/partix/kernel/lib/KrAlloc.partic
[2026-07-26 21:01:09] [INFO ] [main] [Main]: loaded build/x86_64/kernel/.partic_src/mnt/e/Partix_OS/Kernel/kernel/src/main/partic/kr/partix/kernel/main/ApKrMain.partic
[2026-07-26 21:01:09] [INFO ] [main] [Main]: loaded build/x86_64/kernel/.partic_src/mnt/e/Partix_OS/Kernel/kernel/src/main/partic/kr/partix/kernel/main/BspKrMain.partic
[2026-07-26 21:01:09] [INFO ] [main] [Main]: loaded build/x86_64/kernel/.partic_src/mnt/e/Partix_OS/Kernel/kernel/src/main/partic/kr/partix/kernel/sys/System.partic
[2026-07-26 21:01:09] [INFO ] [main] [Main]: entry: kr.partix.kernel.main.BspKrMain
[2026-07-26 21:01:09] [INFO ] [main] [Main]: generated build/x86_64/kernel/.partic_src.ll
[2026-07-26 21:03:35] [INFO ] [main] [Main]: loaded /partic_core_stdlib/lang/partic/stdlib/core/Object.partic
[2026-07-26 21:03:35] [INFO ] [main] [Main]: loaded /partic_core_stdlib/lang/partic/stdlib/core/memory/Memory.partic
[2026-07-26 21:03:35] [INFO ] [main] [Main]: loaded /partic_core_stdlib/lang/partic/stdlib/core/memory/manage/Disposable.partic
[2026-07-26 21:03:35] [INFO ] [main] [Main]: loaded /partic_core_stdlib/lang/partic/stdlib/core/exception/Throwable.partic
[2026-07-26 21:03:35] [INFO ] [main] [Main]: loaded /partic_core_stdlib/lang/partic/stdlib/core/exception/exception/RuntimeException.partic
[2026-07-26 21:03:35] [INFO ] [main] [Main]: loaded /partic_core_stdlib/lang/partic/stdlib/core/exception/exception/Exception.partic
[2026-07-26 21:03:35] [INFO ] [main] [Main]: loaded /partic_core_stdlib/lang/partic/stdlib/core/exception/error/Error.partic
[2026-07-26 21:03:35] [INFO ] [main] [Main]: loaded /partic_core_stdlib/lang/partic/stdlib/core/collection/collection/Iterator.partic
[2026-07-26 21:03:35] [INFO ] [main] [Main]: loaded /partic_core_stdlib/lang/partic/stdlib/core/collection/collection/Iterable.partic
[2026-07-26 21:03:36] [INFO ] [main] [Main]: loaded /mnt/e/GoJavaNative/ParticAdditionalStdlib/ParticStdlibAdditional/src/partic/lang/partic/stdlib/additional/collection/collection/Collection.partic
[2026-07-26 21:03:36] [INFO ] [main] [Main]: loaded /mnt/e/GoJavaNative/ParticAdditionalStdlib/ParticStdlibAdditional/src/partic/lang/partic/stdlib/additional/collection/list/ArrayList.partic
[2026-07-26 21:03:36] [INFO ] [main] [Main]: loaded /mnt/e/GoJavaNative/ParticAdditionalStdlib/ParticStdlibAdditional/src/partic/lang/partic/stdlib/additional/collection/list/ArrayListIterator.partic
[2026-07-26 21:03:36] [INFO ] [main] [Main]: loaded /mnt/e/GoJavaNative/ParticAdditionalStdlib/ParticStdlibAdditional/src/partic/lang/partic/stdlib/additional/collection/list/List.partic
[2026-07-26 21:03:36] [INFO ] [main] [Main]: loaded /mnt/e/GoJavaNative/ParticAdditionalStdlib/ParticStdlibAdditional/src/partic/lang/partic/stdlib/additional/collection/map/HashMap.partic
[2026-07-26 21:03:36] [INFO ] [main] [Main]: loaded /mnt/e/GoJavaNative/ParticAdditionalStdlib/ParticStdlibAdditional/src/partic/lang/partic/stdlib/additional/collection/map/Map.partic
[2026-07-26 21:03:36] [INFO ] [main] [Main]: loaded /mnt/e/GoJavaNative/ParticAdditionalStdlib/ParticStdlibAdditional/src/partic/lang/partic/stdlib/additional/math/Math.partic
[2026-07-26 21:03:36] [INFO ] [main] [Main]: loaded /mnt/e/GoJavaNative/ParticAdditionalStdlib/ParticStdlibAdditional/src/partic/lang/partic/stdlib/additional/utils/StrBuilder.partic
[2026-07-26 21:03:36] [INFO ] [main] [Main]: loaded /mnt/e/GoJavaNative/ParticAdditionalStdlib/ParticStdlibAdditional/src/partic/lang/partic/stdlib/additional/utils/StrUtils.partic
[2026-07-26 21:03:36] [INFO ] [main] [Main]: loaded build/x86_64/kernel/.partic_src/mnt/e/Partix_OS/Kernel/kernel/src/main/partic/kr/partix/kernel/lib/KrAlloc.partic
[2026-07-26 21:03:36] [INFO ] [main] [Main]: loaded build/x86_64/kernel/.partic_src/mnt/e/Partix_OS/Kernel/kernel/src/main/partic/kr/partix/kernel/main/ApKrMain.partic
[2026-07-26 21:03:36] [INFO ] [main] [Main]: loaded build/x86_64/kernel/.partic_src/mnt/e/Partix_OS/Kernel/kernel/src/main/partic/kr/partix/kernel/main/BspKrMain.partic
[2026-07-26 21:03:36] [INFO ] [main] [Main]: loaded build/x86_64/kernel/.partic_src/mnt/e/Partix_OS/Kernel/kernel/src/main/partic/kr/partix/kernel/sys/System.partic
[2026-07-26 21:03:36] [INFO ] [main] [Main]: entry: kr.partix.kernel.main.BspKrMain
[2026-07-26 21:03:36] [INFO ] [main] [Main]: generated build/x86_64/kernel/.partic_src.ll
[2026-07-26 21:06:54] [INFO ] [main] [Main]: loaded /partic_core_stdlib/lang/partic/stdlib/core/Object.partic
[2026-07-26 21:06:54] [INFO ] [main] [Main]: loaded /partic_core_stdlib/lang/partic/stdlib/core/memory/Memory.partic
[2026-07-26 21:06:54] [INFO ] [main] [Main]: loaded /partic_core_stdlib/lang/partic/stdlib/core/memory/manage/Disposable.partic
[2026-07-26 21:06:54] [INFO ] [main] [Main]: loaded /partic_core_stdlib/lang/partic/stdlib/core/exception/Throwable.partic
[2026-07-26 21:06:54] [INFO ] [main] [Main]: loaded /partic_core_stdlib/lang/partic/stdlib/core/exception/exception/RuntimeException.partic
[2026-07-26 21:06:54] [INFO ] [main] [Main]: loaded /partic_core_stdlib/lang/partic/stdlib/core/exception/exception/Exception.partic
[2026-07-26 21:06:54] [INFO ] [main] [Main]: loaded /partic_core_stdlib/lang/partic/stdlib/core/exception/error/Error.partic
[2026-07-26 21:06:54] [INFO ] [main] [Main]: loaded /partic_core_stdlib/lang/partic/stdlib/core/collection/collection/Iterator.partic
[2026-07-26 21:06:54] [INFO ] [main] [Main]: loaded /partic_core_stdlib/lang/partic/stdlib/core/collection/collection/Iterable.partic
[2026-07-26 21:06:54] [INFO ] [main] [Main]: loaded /mnt/e/GoJavaNative/ParticAdditionalStdlib/ParticStdlibAdditional/src/partic/lang/partic/stdlib/additional/collection/collection/Collection.partic
[2026-07-26 21:06:54] [INFO ] [main] [Main]: loaded /mnt/e/GoJavaNative/ParticAdditionalStdlib/ParticStdlibAdditional/src/partic/lang/partic/stdlib/additional/collection/list/ArrayList.partic
[2026-07-26 21:06:54] [INFO ] [main] [Main]: loaded /mnt/e/GoJavaNative/ParticAdditionalStdlib/ParticStdlibAdditional/src/partic/lang/partic/stdlib/additional/collection/list/ArrayListIterator.partic
[2026-07-26 21:06:54] [INFO ] [main] [Main]: loaded /mnt/e/GoJavaNative/ParticAdditionalStdlib/ParticStdlibAdditional/src/partic/lang/partic/stdlib/additional/collection/list/List.partic
[2026-07-26 21:06:54] [INFO ] [main] [Main]: loaded /mnt/e/GoJavaNative/ParticAdditionalStdlib/ParticStdlibAdditional/src/partic/lang/partic/stdlib/additional/collection/map/HashMap.partic
[2026-07-26 21:06:54] [INFO ] [main] [Main]: loaded /mnt/e/GoJavaNative/ParticAdditionalStdlib/ParticStdlibAdditional/src/partic/lang/partic/stdlib/additional/collection/map/Map.partic
[2026-07-26 21:06:54] [INFO ] [main] [Main]: loaded /mnt/e/GoJavaNative/ParticAdditionalStdlib/ParticStdlibAdditional/src/partic/lang/partic/stdlib/additional/math/Math.partic
[2026-07-26 21:06:54] [INFO ] [main] [Main]: loaded /mnt/e/GoJavaNative/ParticAdditionalStdlib/ParticStdlibAdditional/src/partic/lang/partic/stdlib/additional/utils/StrBuilder.partic
[2026-07-26 21:06:54] [INFO ] [main] [Main]: loaded /mnt/e/GoJavaNative/ParticAdditionalStdlib/ParticStdlibAdditional/src/partic/lang/partic/stdlib/additional/utils/StrUtils.partic
[2026-07-26 21:06:54] [INFO ] [main] [Main]: loaded build/x86_64/kernel/.partic_src/mnt/e/Partix_OS/Kernel/kernel/src/main/partic/kr/partix/kernel/lib/KrAlloc.partic
[2026-07-26 21:06:54] [INFO ] [main] [Main]: loaded build/x86_64/kernel/.partic_src/mnt/e/Partix_OS/Kernel/kernel/src/main/partic/kr/partix/kernel/main/ApKrMain.partic
[2026-07-26 21:06:54] [INFO ] [main] [Main]: loaded build/x86_64/kernel/.partic_src/mnt/e/Partix_OS/Kernel/kernel/src/main/partic/kr/partix/kernel/main/BspKrMain.partic
[2026-07-26 21:06:54] [INFO ] [main] [Main]: loaded build/x86_64/kernel/.partic_src/mnt/e/Partix_OS/Kernel/kernel/src/main/partic/kr/partix/kernel/sys/System.partic
[2026-07-26 21:06:54] [INFO ] [main] [Main]: entry: kr.partix.kernel.main.BspKrMain
[2026-07-26 21:06:55] [INFO ] [main] [Main]: generated build/x86_64/kernel/.partic_src.ll
[2026-07-26 21:07:53] [INFO ] [main] [Main]: loaded /partic_core_stdlib/lang/partic/stdlib/core/Object.partic
[2026-07-26 21:07:53] [INFO ] [main] [Main]: loaded /partic_core_stdlib/lang/partic/stdlib/core/memory/Memory.partic
[2026-07-26 21:07:53] [INFO ] [main] [Main]: loaded /partic_core_stdlib/lang/partic/stdlib/core/memory/manage/Disposable.partic
[2026-07-26 21:07:53] [INFO ] [main] [Main]: loaded /partic_core_stdlib/lang/partic/stdlib/core/exception/Throwable.partic
[2026-07-26 21:07:53] [INFO ] [main] [Main]: loaded /partic_core_stdlib/lang/partic/stdlib/core/exception/exception/RuntimeException.partic
[2026-07-26 21:07:53] [INFO ] [main] [Main]: loaded /partic_core_stdlib/lang/partic/stdlib/core/exception/exception/Exception.partic
[2026-07-26 21:07:53] [INFO ] [main] [Main]: loaded /partic_core_stdlib/lang/partic/stdlib/core/exception/error/Error.partic
[2026-07-26 21:07:53] [INFO ] [main] [Main]: loaded /partic_core_stdlib/lang/partic/stdlib/core/collection/collection/Iterator.partic
[2026-07-26 21:07:53] [INFO ] [main] [Main]: loaded /partic_core_stdlib/lang/partic/stdlib/core/collection/collection/Iterable.partic
[2026-07-26 21:07:53] [INFO ] [main] [Main]: loaded /mnt/e/GoJavaNative/ParticAdditionalStdlib/ParticStdlibAdditional/src/partic/lang/partic/stdlib/additional/collection/collection/Collection.partic
[2026-07-26 21:07:54] [INFO ] [main] [Main]: loaded /mnt/e/GoJavaNative/ParticAdditionalStdlib/ParticStdlibAdditional/src/partic/lang/partic/stdlib/additional/collection/list/ArrayList.partic
[2026-07-26 21:07:54] [INFO ] [main] [Main]: loaded /mnt/e/GoJavaNative/ParticAdditionalStdlib/ParticStdlibAdditional/src/partic/lang/partic/stdlib/additional/collection/list/ArrayListIterator.partic
[2026-07-26 21:07:54] [INFO ] [main] [Main]: loaded /mnt/e/GoJavaNative/ParticAdditionalStdlib/ParticStdlibAdditional/src/partic/lang/partic/stdlib/additional/collection/list/List.partic
[2026-07-26 21:07:54] [INFO ] [main] [Main]: loaded /mnt/e/GoJavaNative/ParticAdditionalStdlib/ParticStdlibAdditional/src/partic/lang/partic/stdlib/additional/collection/map/HashMap.partic
[2026-07-26 21:07:54] [INFO ] [main] [Main]: loaded /mnt/e/GoJavaNative/ParticAdditionalStdlib/ParticStdlibAdditional/src/partic/lang/partic/stdlib/additional/collection/map/Map.partic
[2026-07-26 21:07:54] [INFO ] [main] [Main]: loaded /mnt/e/GoJavaNative/ParticAdditionalStdlib/ParticStdlibAdditional/src/partic/lang/partic/stdlib/additional/math/Math.partic
[2026-07-26 21:07:54] [INFO ] [main] [Main]: loaded /mnt/e/GoJavaNative/ParticAdditionalStdlib/ParticStdlibAdditional/src/partic/lang/partic/stdlib/additional/utils/StrBuilder.partic
[2026-07-26 21:07:54] [INFO ] [main] [Main]: loaded /mnt/e/GoJavaNative/ParticAdditionalStdlib/ParticStdlibAdditional/src/partic/lang/partic/stdlib/additional/utils/StrUtils.partic
[2026-07-26 21:07:54] [INFO ] [main] [Main]: loaded build/x86_64/kernel/.partic_src/mnt/e/Partix_OS/Kernel/kernel/src/main/partic/kr/partix/kernel/lib/KrAlloc.partic
[2026-07-26 21:07:54] [INFO ] [main] [Main]: loaded build/x86_64/kernel/.partic_src/mnt/e/Partix_OS/Kernel/kernel/src/main/partic/kr/partix/kernel/main/ApKrMain.partic
[2026-07-26 21:07:54] [INFO ] [main] [Main]: loaded build/x86_64/kernel/.partic_src/mnt/e/Partix_OS/Kernel/kernel/src/main/partic/kr/partix/kernel/main/BspKrMain.partic
[2026-07-26 21:07:54] [INFO ] [main] [Main]: loaded build/x86_64/kernel/.partic_src/mnt/e/Partix_OS/Kernel/kernel/src/main/partic/kr/partix/kernel/sys/System.partic
[2026-07-26 21:07:54] [INFO ] [main] [Main]: entry: kr.partix.kernel.main.BspKrMain
[2026-07-26 21:07:54] [INFO ] [main] [Main]: generated build/x86_64/kernel/.partic_src.ll
[2026-07-26 21:10:45] [INFO ] [main] [Main]: loaded /partic_core_stdlib/lang/partic/stdlib/core/Object.partic
[2026-07-26 21:10:45] [INFO ] [main] [Main]: loaded /partic_core_stdlib/lang/partic/stdlib/core/memory/Memory.partic
[2026-07-26 21:10:45] [INFO ] [main] [Main]: loaded /partic_core_stdlib/lang/partic/stdlib/core/memory/manage/Disposable.partic
[2026-07-26 21:10:45] [INFO ] [main] [Main]: loaded /partic_core_stdlib/lang/partic/stdlib/core/exception/Throwable.partic
[2026-07-26 21:10:45] [INFO ] [main] [Main]: loaded /partic_core_stdlib/lang/partic/stdlib/core/exception/exception/RuntimeException.partic
[2026-07-26 21:10:45] [INFO ] [main] [Main]: loaded /partic_core_stdlib/lang/partic/stdlib/core/exception/exception/Exception.partic
[2026-07-26 21:10:45] [INFO ] [main] [Main]: loaded /partic_core_stdlib/lang/partic/stdlib/core/exception/error/Error.partic
[2026-07-26 21:10:45] [INFO ] [main] [Main]: loaded /partic_core_stdlib/lang/partic/stdlib/core/collection/collection/Iterator.partic
[2026-07-26 21:10:45] [INFO ] [main] [Main]: loaded /partic_core_stdlib/lang/partic/stdlib/core/collection/collection/Iterable.partic
[2026-07-26 21:10:45] [INFO ] [main] [Main]: loaded /mnt/e/GoJavaNative/ParticAdditionalStdlib/ParticStdlibAdditional/src/partic/lang/partic/stdlib/additional/collection/collection/Collection.partic
[2026-07-26 21:10:45] [INFO ] [main] [Main]: loaded /mnt/e/GoJavaNative/ParticAdditionalStdlib/ParticStdlibAdditional/src/partic/lang/partic/stdlib/additional/collection/list/ArrayList.partic
[2026-07-26 21:10:45] [INFO ] [main] [Main]: loaded /mnt/e/GoJavaNative/ParticAdditionalStdlib/ParticStdlibAdditional/src/partic/lang/partic/stdlib/additional/collection/list/ArrayListIterator.partic
[2026-07-26 21:10:45] [INFO ] [main] [Main]: loaded /mnt/e/GoJavaNative/ParticAdditionalStdlib/ParticStdlibAdditional/src/partic/lang/partic/stdlib/additional/collection/list/List.partic
[2026-07-26 21:10:45] [INFO ] [main] [Main]: loaded /mnt/e/GoJavaNative/ParticAdditionalStdlib/ParticStdlibAdditional/src/partic/lang/partic/stdlib/additional/collection/map/HashMap.partic
[2026-07-26 21:10:45] [INFO ] [main] [Main]: loaded /mnt/e/GoJavaNative/ParticAdditionalStdlib/ParticStdlibAdditional/src/partic/lang/partic/stdlib/additional/collection/map/Map.partic
[2026-07-26 21:10:45] [INFO ] [main] [Main]: loaded /mnt/e/GoJavaNative/ParticAdditionalStdlib/ParticStdlibAdditional/src/partic/lang/partic/stdlib/additional/math/Math.partic
[2026-07-26 21:10:45] [INFO ] [main] [Main]: loaded /mnt/e/GoJavaNative/ParticAdditionalStdlib/ParticStdlibAdditional/src/partic/lang/partic/stdlib/additional/utils/StrBuilder.partic
[2026-07-26 21:10:45] [INFO ] [main] [Main]: loaded /mnt/e/GoJavaNative/ParticAdditionalStdlib/ParticStdlibAdditional/src/partic/lang/partic/stdlib/additional/utils/StrUtils.partic
[2026-07-26 21:10:45] [INFO ] [main] [Main]: loaded build/x86_64/kernel/.partic_src/mnt/e/Partix_OS/Kernel/kernel/src/main/partic/kr/partix/kernel/lib/KrAlloc.partic
[2026-07-26 21:10:45] [INFO ] [main] [Main]: loaded build/x86_64/kernel/.partic_src/mnt/e/Partix_OS/Kernel/kernel/src/main/partic/kr/partix/kernel/main/ApKrMain.partic
[2026-07-26 21:10:45] [INFO ] [main] [Main]: loaded build/x86_64/kernel/.partic_src/mnt/e/Partix_OS/Kernel/kernel/src/main/partic/kr/partix/kernel/main/BspKrMain.partic
[2026-07-26 21:10:45] [INFO ] [main] [Main]: loaded build/x86_64/kernel/.partic_src/mnt/e/Partix_OS/Kernel/kernel/src/main/partic/kr/partix/kernel/sys/System.partic
[2026-07-26 21:10:45] [INFO ] [main] [Main]: entry: kr.partix.kernel.main.BspKrMain
[2026-07-26 21:10:45] [INFO ] [main] [Main]: generated build/x86_64/kernel/.partic_src.ll
[2026-07-26 21:14:30] [INFO ] [main] [Main]: loaded /partic_core_stdlib/lang/partic/stdlib/core/Object.partic
[2026-07-26 21:14:30] [INFO ] [main] [Main]: loaded /partic_core_stdlib/lang/partic/stdlib/core/memory/Memory.partic
[2026-07-26 21:14:30] [INFO ] [main] [Main]: loaded /partic_core_stdlib/lang/partic/stdlib/core/memory/manage/Disposable.partic
[2026-07-26 21:14:30] [INFO ] [main] [Main]: loaded /partic_core_stdlib/lang/partic/stdlib/core/exception/Throwable.partic
[2026-07-26 21:14:30] [INFO ] [main] [Main]: loaded /partic_core_stdlib/lang/partic/stdlib/core/exception/exception/RuntimeException.partic
[2026-07-26 21:14:30] [INFO ] [main] [Main]: loaded /partic_core_stdlib/lang/partic/stdlib/core/exception/exception/Exception.partic
[2026-07-26 21:14:30] [INFO ] [main] [Main]: loaded /partic_core_stdlib/lang/partic/stdlib/core/exception/error/Error.partic
[2026-07-26 21:14:30] [INFO ] [main] [Main]: loaded /partic_core_stdlib/lang/partic/stdlib/core/collection/collection/Iterator.partic
[2026-07-26 21:14:30] [INFO ] [main] [Main]: loaded /partic_core_stdlib/lang/partic/stdlib/core/collection/collection/Iterable.partic
[2026-07-26 21:14:30] [INFO ] [main] [Main]: loaded /mnt/e/GoJavaNative/ParticAdditionalStdlib/ParticStdlibAdditional/src/partic/lang/partic/stdlib/additional/collection/collection/Collection.partic
[2026-07-26 21:14:30] [INFO ] [main] [Main]: loaded /mnt/e/GoJavaNative/ParticAdditionalStdlib/ParticStdlibAdditional/src/partic/lang/partic/stdlib/additional/collection/list/ArrayList.partic
[2026-07-26 21:14:30] [INFO ] [main] [Main]: loaded /mnt/e/GoJavaNative/ParticAdditionalStdlib/ParticStdlibAdditional/src/partic/lang/partic/stdlib/additional/collection/list/ArrayListIterator.partic
[2026-07-26 21:14:30] [INFO ] [main] [Main]: loaded /mnt/e/GoJavaNative/ParticAdditionalStdlib/ParticStdlibAdditional/src/partic/lang/partic/stdlib/additional/collection/list/List.partic
[2026-07-26 21:14:30] [INFO ] [main] [Main]: loaded /mnt/e/GoJavaNative/ParticAdditionalStdlib/ParticStdlibAdditional/src/partic/lang/partic/stdlib/additional/collection/map/HashMap.partic
[2026-07-26 21:14:30] [INFO ] [main] [Main]: loaded /mnt/e/GoJavaNative/ParticAdditionalStdlib/ParticStdlibAdditional/src/partic/lang/partic/stdlib/additional/collection/map/Map.partic
[2026-07-26 21:14:30] [INFO ] [main] [Main]: loaded /mnt/e/GoJavaNative/ParticAdditionalStdlib/ParticStdlibAdditional/src/partic/lang/partic/stdlib/additional/math/Math.partic
[2026-07-26 21:14:30] [INFO ] [main] [Main]: loaded /mnt/e/GoJavaNative/ParticAdditionalStdlib/ParticStdlibAdditional/src/partic/lang/partic/stdlib/additional/utils/StrBuilder.partic
[2026-07-26 21:14:30] [INFO ] [main] [Main]: loaded /mnt/e/GoJavaNative/ParticAdditionalStdlib/ParticStdlibAdditional/src/partic/lang/partic/stdlib/additional/utils/StrUtils.partic
[2026-07-26 21:14:30] [INFO ] [main] [Main]: loaded build/x86_64/kernel/.partic_src/mnt/e/Partix_OS/Kernel/kernel/src/main/partic/kr/partix/kernel/lib/KrAlloc.partic
[2026-07-26 21:14:30] [INFO ] [main] [Main]: loaded build/x86_64/kernel/.partic_src/mnt/e/Partix_OS/Kernel/kernel/src/main/partic/kr/partix/kernel/main/ApKrMain.partic
[2026-07-26 21:14:30] [INFO ] [main] [Main]: loaded build/x86_64/kernel/.partic_src/mnt/e/Partix_OS/Kernel/kernel/src/main/partic/kr/partix/kernel/main/BspKrMain.partic
[2026-07-26 21:14:30] [INFO ] [main] [Main]: loaded build/x86_64/kernel/.partic_src/mnt/e/Partix_OS/Kernel/kernel/src/main/partic/kr/partix/kernel/sys/System.partic
[2026-07-26 21:14:30] [INFO ] [main] [Main]: entry: kr.partix.kernel.main.BspKrMain
[2026-07-26 21:14:30] [INFO ] [main] [Main]: generated build/x86_64/kernel/.partic_src.ll
[2026-07-26 21:15:22] [INFO ] [main] [Main]: loaded /partic_core_stdlib/lang/partic/stdlib/core/Object.partic
[2026-07-26 21:15:22] [INFO ] [main] [Main]: loaded /partic_core_stdlib/lang/partic/stdlib/core/memory/Memory.partic
[2026-07-26 21:15:22] [INFO ] [main] [Main]: loaded /partic_core_stdlib/lang/partic/stdlib/core/memory/manage/Disposable.partic
[2026-07-26 21:15:22] [INFO ] [main] [Main]: loaded /partic_core_stdlib/lang/partic/stdlib/core/exception/Throwable.partic
[2026-07-26 21:15:22] [INFO ] [main] [Main]: loaded /partic_core_stdlib/lang/partic/stdlib/core/exception/exception/RuntimeException.partic
[2026-07-26 21:15:22] [INFO ] [main] [Main]: loaded /partic_core_stdlib/lang/partic/stdlib/core/exception/exception/Exception.partic
[2026-07-26 21:15:22] [INFO ] [main] [Main]: loaded /partic_core_stdlib/lang/partic/stdlib/core/exception/error/Error.partic
[2026-07-26 21:15:22] [INFO ] [main] [Main]: loaded /partic_core_stdlib/lang/partic/stdlib/core/collection/collection/Iterator.partic
[2026-07-26 21:15:22] [INFO ] [main] [Main]: loaded /partic_core_stdlib/lang/partic/stdlib/core/collection/collection/Iterable.partic
[2026-07-26 21:15:22] [INFO ] [main] [Main]: loaded /mnt/e/GoJavaNative/ParticAdditionalStdlib/ParticStdlibAdditional/src/partic/lang/partic/stdlib/additional/collection/collection/Collection.partic
[2026-07-26 21:15:22] [INFO ] [main] [Main]: loaded /mnt/e/GoJavaNative/ParticAdditionalStdlib/ParticStdlibAdditional/src/partic/lang/partic/stdlib/additional/collection/list/ArrayList.partic
[2026-07-26 21:15:22] [INFO ] [main] [Main]: loaded /mnt/e/GoJavaNative/ParticAdditionalStdlib/ParticStdlibAdditional/src/partic/lang/partic/stdlib/additional/collection/list/ArrayListIterator.partic
[2026-07-26 21:15:22] [INFO ] [main] [Main]: loaded /mnt/e/GoJavaNative/ParticAdditionalStdlib/ParticStdlibAdditional/src/partic/lang/partic/stdlib/additional/collection/list/List.partic
[2026-07-26 21:15:22] [INFO ] [main] [Main]: loaded /mnt/e/GoJavaNative/ParticAdditionalStdlib/ParticStdlibAdditional/src/partic/lang/partic/stdlib/additional/collection/map/HashMap.partic
[2026-07-26 21:15:22] [INFO ] [main] [Main]: loaded /mnt/e/GoJavaNative/ParticAdditionalStdlib/ParticStdlibAdditional/src/partic/lang/partic/stdlib/additional/collection/map/Map.partic
[2026-07-26 21:15:22] [INFO ] [main] [Main]: loaded /mnt/e/GoJavaNative/ParticAdditionalStdlib/ParticStdlibAdditional/src/partic/lang/partic/stdlib/additional/math/Math.partic
[2026-07-26 21:15:22] [INFO ] [main] [Main]: loaded /mnt/e/GoJavaNative/ParticAdditionalStdlib/ParticStdlibAdditional/src/partic/lang/partic/stdlib/additional/utils/StrBuilder.partic
[2026-07-26 21:15:22] [INFO ] [main] [Main]: loaded /mnt/e/GoJavaNative/ParticAdditionalStdlib/ParticStdlibAdditional/src/partic/lang/partic/stdlib/additional/utils/StrUtils.partic
[2026-07-26 21:15:22] [INFO ] [main] [Main]: loaded build/x86_64/kernel/.partic_src/mnt/e/Partix_OS/Kernel/kernel/src/main/partic/kr/partix/kernel/lib/KrAlloc.partic
[2026-07-26 21:15:22] [INFO ] [main] [Main]: loaded build/x86_64/kernel/.partic_src/mnt/e/Partix_OS/Kernel/kernel/src/main/partic/kr/partix/kernel/main/ApKrMain.partic
[2026-07-26 21:15:22] [INFO ] [main] [Main]: loaded build/x86_64/kernel/.partic_src/mnt/e/Partix_OS/Kernel/kernel/src/main/partic/kr/partix/kernel/main/BspKrMain.partic
[2026-07-26 21:15:22] [INFO ] [main] [Main]: loaded build/x86_64/kernel/.partic_src/mnt/e/Partix_OS/Kernel/kernel/src/main/partic/kr/partix/kernel/sys/System.partic
[2026-07-26 21:15:22] [INFO ] [main] [Main]: entry: kr.partix.kernel.main.BspKrMain
[2026-07-26 21:15:22] [INFO ] [main] [Main]: generated build/x86_64/kernel/.partic_src.ll
[2026-07-26 21:18:35] [INFO ] [main] [Main]: loaded /partic_core_stdlib/lang/partic/stdlib/core/Object.partic
[2026-07-26 21:18:35] [INFO ] [main] [Main]: loaded /partic_core_stdlib/lang/partic/stdlib/core/memory/Memory.partic
[2026-07-26 21:18:35] [INFO ] [main] [Main]: loaded /partic_core_stdlib/lang/partic/stdlib/core/memory/manage/Disposable.partic
[2026-07-26 21:18:35] [INFO ] [main] [Main]: loaded /partic_core_stdlib/lang/partic/stdlib/core/exception/Throwable.partic
[2026-07-26 21:18:35] [INFO ] [main] [Main]: loaded /partic_core_stdlib/lang/partic/stdlib/core/exception/exception/RuntimeException.partic
[2026-07-26 21:18:35] [INFO ] [main] [Main]: loaded /partic_core_stdlib/lang/partic/stdlib/core/exception/exception/Exception.partic
[2026-07-26 21:18:35] [INFO ] [main] [Main]: loaded /partic_core_stdlib/lang/partic/stdlib/core/exception/error/Error.partic
[2026-07-26 21:18:35] [INFO ] [main] [Main]: loaded /partic_core_stdlib/lang/partic/stdlib/core/collection/collection/Iterator.partic
[2026-07-26 21:18:35] [INFO ] [main] [Main]: loaded /partic_core_stdlib/lang/partic/stdlib/core/collection/collection/Iterable.partic
[2026-07-26 21:18:35] [INFO ] [main] [Main]: loaded /mnt/e/GoJavaNative/ParticAdditionalStdlib/ParticStdlibAdditional/src/partic/lang/partic/stdlib/additional/collection/collection/Collection.partic
[2026-07-26 21:18:35] [INFO ] [main] [Main]: loaded /mnt/e/GoJavaNative/ParticAdditionalStdlib/ParticStdlibAdditional/src/partic/lang/partic/stdlib/additional/collection/list/ArrayList.partic
[2026-07-26 21:18:35] [INFO ] [main] [Main]: loaded /mnt/e/GoJavaNative/ParticAdditionalStdlib/ParticStdlibAdditional/src/partic/lang/partic/stdlib/additional/collection/list/ArrayListIterator.partic
[2026-07-26 21:18:35] [INFO ] [main] [Main]: loaded /mnt/e/GoJavaNative/ParticAdditionalStdlib/ParticStdlibAdditional/src/partic/lang/partic/stdlib/additional/collection/list/List.partic
[2026-07-26 21:18:35] [INFO ] [main] [Main]: loaded /mnt/e/GoJavaNative/ParticAdditionalStdlib/ParticStdlibAdditional/src/partic/lang/partic/stdlib/additional/collection/map/HashMap.partic
[2026-07-26 21:18:35] [INFO ] [main] [Main]: loaded /mnt/e/GoJavaNative/ParticAdditionalStdlib/ParticStdlibAdditional/src/partic/lang/partic/stdlib/additional/collection/map/Map.partic
[2026-07-26 21:18:35] [INFO ] [main] [Main]: loaded /mnt/e/GoJavaNative/ParticAdditionalStdlib/ParticStdlibAdditional/src/partic/lang/partic/stdlib/additional/math/Math.partic
[2026-07-26 21:18:35] [INFO ] [main] [Main]: loaded /mnt/e/GoJavaNative/ParticAdditionalStdlib/ParticStdlibAdditional/src/partic/lang/partic/stdlib/additional/utils/StrBuilder.partic
[2026-07-26 21:18:35] [INFO ] [main] [Main]: loaded /mnt/e/GoJavaNative/ParticAdditionalStdlib/ParticStdlibAdditional/src/partic/lang/partic/stdlib/additional/utils/StrUtils.partic
[2026-07-26 21:18:35] [INFO ] [main] [Main]: loaded build/x86_64/kernel/.partic_src/mnt/e/Partix_OS/Kernel/kernel/src/main/partic/kr/partix/kernel/lib/KrAlloc.partic
[2026-07-26 21:18:35] [INFO ] [main] [Main]: loaded build/x86_64/kernel/.partic_src/mnt/e/Partix_OS/Kernel/kernel/src/main/partic/kr/partix/kernel/main/ApKrMain.partic
[2026-07-26 21:18:35] [INFO ] [main] [Main]: loaded build/x86_64/kernel/.partic_src/mnt/e/Partix_OS/Kernel/kernel/src/main/partic/kr/partix/kernel/main/BspKrMain.partic
[2026-07-26 21:18:35] [INFO ] [main] [Main]: loaded build/x86_64/kernel/.partic_src/mnt/e/Partix_OS/Kernel/kernel/src/main/partic/kr/partix/kernel/sys/System.partic
[2026-07-26 21:18:35] [INFO ] [main] [Main]: entry: kr.partix.kernel.main.BspKrMain
[2026-07-26 21:18:35] [INFO ] [main] [Main]: generated build/x86_64/kernel/.partic_src.ll
[2026-07-26 21:22:25] [INFO ] [main] [Main]: loaded /partic_core_stdlib/lang/partic/stdlib/core/Object.partic
[2026-07-26 21:22:25] [INFO ] [main] [Main]: loaded /partic_core_stdlib/lang/partic/stdlib/core/memory/Memory.partic
[2026-07-26 21:22:25] [INFO ] [main] [Main]: loaded /partic_core_stdlib/lang/partic/stdlib/core/memory/manage/Disposable.partic
[2026-07-26 21:22:25] [INFO ] [main] [Main]: loaded /partic_core_stdlib/lang/partic/stdlib/core/exception/Throwable.partic
[2026-07-26 21:22:25] [INFO ] [main] [Main]: loaded /partic_core_stdlib/lang/partic/stdlib/core/exception/exception/RuntimeException.partic
[2026-07-26 21:22:25] [INFO ] [main] [Main]: loaded /partic_core_stdlib/lang/partic/stdlib/core/exception/exception/Exception.partic
[2026-07-26 21:22:25] [INFO ] [main] [Main]: loaded /partic_core_stdlib/lang/partic/stdlib/core/exception/error/Error.partic
[2026-07-26 21:22:25] [INFO ] [main] [Main]: loaded /partic_core_stdlib/lang/partic/stdlib/core/collection/collection/Iterator.partic
[2026-07-26 21:22:25] [INFO ] [main] [Main]: loaded /partic_core_stdlib/lang/partic/stdlib/core/collection/collection/Iterable.partic
[2026-07-26 21:22:25] [INFO ] [main] [Main]: loaded /mnt/e/GoJavaNative/ParticAdditionalStdlib/ParticStdlibAdditional/src/partic/lang/partic/stdlib/additional/collection/collection/Collection.partic
[2026-07-26 21:22:25] [INFO ] [main] [Main]: loaded /mnt/e/GoJavaNative/ParticAdditionalStdlib/ParticStdlibAdditional/src/partic/lang/partic/stdlib/additional/collection/list/ArrayList.partic
[2026-07-26 21:22:25] [INFO ] [main] [Main]: loaded /mnt/e/GoJavaNative/ParticAdditionalStdlib/ParticStdlibAdditional/src/partic/lang/partic/stdlib/additional/collection/list/ArrayListIterator.partic
[2026-07-26 21:22:25] [INFO ] [main] [Main]: loaded /mnt/e/GoJavaNative/ParticAdditionalStdlib/ParticStdlibAdditional/src/partic/lang/partic/stdlib/additional/collection/list/List.partic
[2026-07-26 21:22:25] [INFO ] [main] [Main]: loaded /mnt/e/GoJavaNative/ParticAdditionalStdlib/ParticStdlibAdditional/src/partic/lang/partic/stdlib/additional/collection/map/HashMap.partic
[2026-07-26 21:22:25] [INFO ] [main] [Main]: loaded /mnt/e/GoJavaNative/ParticAdditionalStdlib/ParticStdlibAdditional/src/partic/lang/partic/stdlib/additional/collection/map/Map.partic
[2026-07-26 21:22:25] [INFO ] [main] [Main]: loaded /mnt/e/GoJavaNative/ParticAdditionalStdlib/ParticStdlibAdditional/src/partic/lang/partic/stdlib/additional/math/Math.partic
[2026-07-26 21:22:25] [INFO ] [main] [Main]: loaded /mnt/e/GoJavaNative/ParticAdditionalStdlib/ParticStdlibAdditional/src/partic/lang/partic/stdlib/additional/utils/StrBuilder.partic
[2026-07-26 21:22:25] [INFO ] [main] [Main]: loaded /mnt/e/GoJavaNative/ParticAdditionalStdlib/ParticStdlibAdditional/src/partic/lang/partic/stdlib/additional/utils/StrUtils.partic
[2026-07-26 21:22:25] [INFO ] [main] [Main]: loaded build/x86_64/kernel/.partic_src/mnt/e/Partix_OS/Kernel/kernel/src/main/partic/kr/partix/kernel/lib/KrAlloc.partic
[2026-07-26 21:22:25] [INFO ] [main] [Main]: loaded build/x86_64/kernel/.partic_src/mnt/e/Partix_OS/Kernel/kernel/src/main/partic/kr/partix/kernel/main/ApKrMain.partic
[2026-07-26 21:22:25] [INFO ] [main] [Main]: loaded build/x86_64/kernel/.partic_src/mnt/e/Partix_OS/Kernel/kernel/src/main/partic/kr/partix/kernel/main/BspKrMain.partic
[2026-07-26 21:22:25] [INFO ] [main] [Main]: loaded build/x86_64/kernel/.partic_src/mnt/e/Partix_OS/Kernel/kernel/src/main/partic/kr/partix/kernel/sys/System.partic
[2026-07-26 21:22:25] [INFO ] [main] [Main]: entry: kr.partix.kernel.main.BspKrMain
[2026-07-26 21:22:25] [INFO ] [main] [Main]: generated build/x86_64/kernel/.partic_src.ll
[2026-07-26 21:23:26] [INFO ] [main] [Main]: loaded /partic_core_stdlib/lang/partic/stdlib/core/Object.partic
[2026-07-26 21:23:26] [INFO ] [main] [Main]: loaded /partic_core_stdlib/lang/partic/stdlib/core/memory/Memory.partic
[2026-07-26 21:23:26] [INFO ] [main] [Main]: loaded /partic_core_stdlib/lang/partic/stdlib/core/memory/manage/Disposable.partic
[2026-07-26 21:23:26] [INFO ] [main] [Main]: loaded /partic_core_stdlib/lang/partic/stdlib/core/exception/Throwable.partic
[2026-07-26 21:23:26] [INFO ] [main] [Main]: loaded /partic_core_stdlib/lang/partic/stdlib/core/exception/exception/RuntimeException.partic
[2026-07-26 21:23:26] [INFO ] [main] [Main]: loaded /partic_core_stdlib/lang/partic/stdlib/core/exception/exception/Exception.partic
[2026-07-26 21:23:26] [INFO ] [main] [Main]: loaded /partic_core_stdlib/lang/partic/stdlib/core/exception/error/Error.partic
[2026-07-26 21:23:26] [INFO ] [main] [Main]: loaded /partic_core_stdlib/lang/partic/stdlib/core/collection/collection/Iterator.partic
[2026-07-26 21:23:26] [INFO ] [main] [Main]: loaded /partic_core_stdlib/lang/partic/stdlib/core/collection/collection/Iterable.partic
[2026-07-26 21:23:26] [INFO ] [main] [Main]: loaded /mnt/e/GoJavaNative/ParticAdditionalStdlib/ParticStdlibAdditional/src/partic/lang/partic/stdlib/additional/collection/collection/Collection.partic
[2026-07-26 21:23:26] [INFO ] [main] [Main]: loaded /mnt/e/GoJavaNative/ParticAdditionalStdlib/ParticStdlibAdditional/src/partic/lang/partic/stdlib/additional/collection/list/ArrayList.partic
[2026-07-26 21:23:26] [INFO ] [main] [Main]: loaded /mnt/e/GoJavaNative/ParticAdditionalStdlib/ParticStdlibAdditional/src/partic/lang/partic/stdlib/additional/collection/list/ArrayListIterator.partic
[2026-07-26 21:23:26] [INFO ] [main] [Main]: loaded /mnt/e/GoJavaNative/ParticAdditionalStdlib/ParticStdlibAdditional/src/partic/lang/partic/stdlib/additional/collection/list/List.partic
[2026-07-26 21:23:26] [INFO ] [main] [Main]: loaded /mnt/e/GoJavaNative/ParticAdditionalStdlib/ParticStdlibAdditional/src/partic/lang/partic/stdlib/additional/collection/map/HashMap.partic
[2026-07-26 21:23:26] [INFO ] [main] [Main]: loaded /mnt/e/GoJavaNative/ParticAdditionalStdlib/ParticStdlibAdditional/src/partic/lang/partic/stdlib/additional/collection/map/Map.partic
[2026-07-26 21:23:26] [INFO ] [main] [Main]: loaded /mnt/e/GoJavaNative/ParticAdditionalStdlib/ParticStdlibAdditional/src/partic/lang/partic/stdlib/additional/math/Math.partic
[2026-07-26 21:23:26] [INFO ] [main] [Main]: loaded /mnt/e/GoJavaNative/ParticAdditionalStdlib/ParticStdlibAdditional/src/partic/lang/partic/stdlib/additional/utils/StrBuilder.partic
[2026-07-26 21:23:26] [INFO ] [main] [Main]: loaded /mnt/e/GoJavaNative/ParticAdditionalStdlib/ParticStdlibAdditional/src/partic/lang/partic/stdlib/additional/utils/StrUtils.partic
[2026-07-26 21:23:26] [INFO ] [main] [Main]: loaded build/x86_64/kernel/.partic_src/mnt/e/Partix_OS/Kernel/kernel/src/main/partic/kr/partix/kernel/lib/KrAlloc.partic
[2026-07-26 21:23:26] [INFO ] [main] [Main]: loaded build/x86_64/kernel/.partic_src/mnt/e/Partix_OS/Kernel/kernel/src/main/partic/kr/partix/kernel/main/ApKrMain.partic
[2026-07-26 21:23:26] [INFO ] [main] [Main]: loaded build/x86_64/kernel/.partic_src/mnt/e/Partix_OS/Kernel/kernel/src/main/partic/kr/partix/kernel/main/BspKrMain.partic
[2026-07-26 21:23:26] [INFO ] [main] [Main]: loaded build/x86_64/kernel/.partic_src/mnt/e/Partix_OS/Kernel/kernel/src/main/partic/kr/partix/kernel/sys/System.partic
[2026-07-26 21:23:26] [INFO ] [main] [Main]: entry: kr.partix.kernel.main.BspKrMain
[2026-07-26 21:23:26] [INFO ] [main] [Main]: generated build/x86_64/kernel/.partic_src.ll
[2026-07-26 21:29:08] [INFO ] [main] [Main]: loaded /partic_core_stdlib/lang/partic/stdlib/core/Object.partic
[2026-07-26 21:29:08] [INFO ] [main] [Main]: loaded /partic_core_stdlib/lang/partic/stdlib/core/memory/Memory.partic
[2026-07-26 21:29:08] [INFO ] [main] [Main]: loaded /partic_core_stdlib/lang/partic/stdlib/core/memory/manage/Disposable.partic
[2026-07-26 21:29:08] [INFO ] [main] [Main]: loaded /partic_core_stdlib/lang/partic/stdlib/core/exception/Throwable.partic
[2026-07-26 21:29:08] [INFO ] [main] [Main]: loaded /partic_core_stdlib/lang/partic/stdlib/core/exception/exception/RuntimeException.partic
[2026-07-26 21:29:08] [INFO ] [main] [Main]: loaded /partic_core_stdlib/lang/partic/stdlib/core/exception/exception/Exception.partic
[2026-07-26 21:29:08] [INFO ] [main] [Main]: loaded /partic_core_stdlib/lang/partic/stdlib/core/exception/error/Error.partic
[2026-07-26 21:29:08] [INFO ] [main] [Main]: loaded /partic_core_stdlib/lang/partic/stdlib/core/collection/collection/Iterator.partic
[2026-07-26 21:29:08] [INFO ] [main] [Main]: loaded /partic_core_stdlib/lang/partic/stdlib/core/collection/collection/Iterable.partic
[2026-07-26 21:29:08] [INFO ] [main] [Main]: loaded /mnt/e/GoJavaNative/ParticAdditionalStdlib/ParticStdlibAdditional/src/partic/lang/partic/stdlib/additional/collection/collection/Collection.partic
[2026-07-26 21:29:08] [INFO ] [main] [Main]: loaded /mnt/e/GoJavaNative/ParticAdditionalStdlib/ParticStdlibAdditional/src/partic/lang/partic/stdlib/additional/collection/list/ArrayList.partic
[2026-07-26 21:29:08] [INFO ] [main] [Main]: loaded /mnt/e/GoJavaNative/ParticAdditionalStdlib/ParticStdlibAdditional/src/partic/lang/partic/stdlib/additional/collection/list/ArrayListIterator.partic
[2026-07-26 21:29:08] [INFO ] [main] [Main]: loaded /mnt/e/GoJavaNative/ParticAdditionalStdlib/ParticStdlibAdditional/src/partic/lang/partic/stdlib/additional/collection/list/List.partic
[2026-07-26 21:29:08] [INFO ] [main] [Main]: loaded /mnt/e/GoJavaNative/ParticAdditionalStdlib/ParticStdlibAdditional/src/partic/lang/partic/stdlib/additional/collection/map/HashMap.partic
[2026-07-26 21:29:08] [INFO ] [main] [Main]: loaded /mnt/e/GoJavaNative/ParticAdditionalStdlib/ParticStdlibAdditional/src/partic/lang/partic/stdlib/additional/collection/map/Map.partic
[2026-07-26 21:29:08] [INFO ] [main] [Main]: loaded /mnt/e/GoJavaNative/ParticAdditionalStdlib/ParticStdlibAdditional/src/partic/lang/partic/stdlib/additional/math/Math.partic
[2026-07-26 21:29:08] [INFO ] [main] [Main]: loaded /mnt/e/GoJavaNative/ParticAdditionalStdlib/ParticStdlibAdditional/src/partic/lang/partic/stdlib/additional/utils/StrBuilder.partic
[2026-07-26 21:29:08] [INFO ] [main] [Main]: loaded /mnt/e/GoJavaNative/ParticAdditionalStdlib/ParticStdlibAdditional/src/partic/lang/partic/stdlib/additional/utils/StrUtils.partic
[2026-07-26 21:29:08] [INFO ] [main] [Main]: loaded build/x86_64/kernel/.partic_src/mnt/e/Partix_OS/Kernel/kernel/src/main/partic/kr/partix/kernel/lib/KrAlloc.partic
[2026-07-26 21:29:08] [INFO ] [main] [Main]: loaded build/x86_64/kernel/.partic_src/mnt/e/Partix_OS/Kernel/kernel/src/main/partic/kr/partix/kernel/main/ApKrMain.partic
[2026-07-26 21:29:08] [INFO ] [main] [Main]: loaded build/x86_64/kernel/.partic_src/mnt/e/Partix_OS/Kernel/kernel/src/main/partic/kr/partix/kernel/main/BspKrMain.partic
[2026-07-26 21:29:08] [INFO ] [main] [Main]: loaded build/x86_64/kernel/.partic_src/mnt/e/Partix_OS/Kernel/kernel/src/main/partic/kr/partix/kernel/sys/System.partic
[2026-07-26 21:29:08] [INFO ] [main] [Main]: entry: kr.partix.kernel.main.BspKrMain
[2026-07-26 21:29:08] [INFO ] [main] [Main]: generated build/x86_64/kernel/.partic_src.ll
[2026-07-26 21:30:22] [INFO ] [main] [Main]: loaded /partic_core_stdlib/lang/partic/stdlib/core/Object.partic
[2026-07-26 21:30:22] [INFO ] [main] [Main]: loaded /partic_core_stdlib/lang/partic/stdlib/core/memory/Memory.partic
[2026-07-26 21:30:22] [INFO ] [main] [Main]: loaded /partic_core_stdlib/lang/partic/stdlib/core/memory/manage/Disposable.partic
[2026-07-26 21:30:22] [INFO ] [main] [Main]: loaded /partic_core_stdlib/lang/partic/stdlib/core/exception/Throwable.partic
[2026-07-26 21:30:22] [INFO ] [main] [Main]: loaded /partic_core_stdlib/lang/partic/stdlib/core/exception/exception/RuntimeException.partic
[2026-07-26 21:30:22] [INFO ] [main] [Main]: loaded /partic_core_stdlib/lang/partic/stdlib/core/exception/exception/Exception.partic
[2026-07-26 21:30:22] [INFO ] [main] [Main]: loaded /partic_core_stdlib/lang/partic/stdlib/core/exception/error/Error.partic
[2026-07-26 21:30:22] [INFO ] [main] [Main]: loaded /partic_core_stdlib/lang/partic/stdlib/core/collection/collection/Iterator.partic
[2026-07-26 21:30:22] [INFO ] [main] [Main]: loaded /partic_core_stdlib/lang/partic/stdlib/core/collection/collection/Iterable.partic
[2026-07-26 21:30:22] [INFO ] [main] [Main]: loaded /mnt/e/GoJavaNative/ParticAdditionalStdlib/ParticStdlibAdditional/src/partic/lang/partic/stdlib/additional/collection/collection/Collection.partic
[2026-07-26 21:30:22] [INFO ] [main] [Main]: loaded /mnt/e/GoJavaNative/ParticAdditionalStdlib/ParticStdlibAdditional/src/partic/lang/partic/stdlib/additional/collection/list/ArrayList.partic
[2026-07-26 21:30:22] [INFO ] [main] [Main]: loaded /mnt/e/GoJavaNative/ParticAdditionalStdlib/ParticStdlibAdditional/src/partic/lang/partic/stdlib/additional/collection/list/ArrayListIterator.partic
[2026-07-26 21:30:22] [INFO ] [main] [Main]: loaded /mnt/e/GoJavaNative/ParticAdditionalStdlib/ParticStdlibAdditional/src/partic/lang/partic/stdlib/additional/collection/list/List.partic
[2026-07-26 21:30:22] [INFO ] [main] [Main]: loaded /mnt/e/GoJavaNative/ParticAdditionalStdlib/ParticStdlibAdditional/src/partic/lang/partic/stdlib/additional/collection/map/HashMap.partic
[2026-07-26 21:30:22] [INFO ] [main] [Main]: loaded /mnt/e/GoJavaNative/ParticAdditionalStdlib/ParticStdlibAdditional/src/partic/lang/partic/stdlib/additional/collection/map/Map.partic
[2026-07-26 21:30:22] [INFO ] [main] [Main]: loaded /mnt/e/GoJavaNative/ParticAdditionalStdlib/ParticStdlibAdditional/src/partic/lang/partic/stdlib/additional/math/Math.partic
[2026-07-26 21:30:22] [INFO ] [main] [Main]: loaded /mnt/e/GoJavaNative/ParticAdditionalStdlib/ParticStdlibAdditional/src/partic/lang/partic/stdlib/additional/utils/StrBuilder.partic
[2026-07-26 21:30:22] [INFO ] [main] [Main]: loaded /mnt/e/GoJavaNative/ParticAdditionalStdlib/ParticStdlibAdditional/src/partic/lang/partic/stdlib/additional/utils/StrUtils.partic
[2026-07-26 21:30:22] [INFO ] [main] [Main]: loaded build/x86_64/kernel/.partic_src/mnt/e/Partix_OS/Kernel/kernel/src/main/partic/kr/partix/kernel/lib/KrAlloc.partic
[2026-07-26 21:30:22] [INFO ] [main] [Main]: loaded build/x86_64/kernel/.partic_src/mnt/e/Partix_OS/Kernel/kernel/src/main/partic/kr/partix/kernel/main/ApKrMain.partic
[2026-07-26 21:30:22] [INFO ] [main] [Main]: loaded build/x86_64/kernel/.partic_src/mnt/e/Partix_OS/Kernel/kernel/src/main/partic/kr/partix/kernel/main/BspKrMain.partic
[2026-07-26 21:30:22] [INFO ] [main] [Main]: loaded build/x86_64/kernel/.partic_src/mnt/e/Partix_OS/Kernel/kernel/src/main/partic/kr/partix/kernel/sys/System.partic
[2026-07-26 21:30:22] [INFO ] [main] [Main]: entry: kr.partix.kernel.main.BspKrMain
[2026-07-26 21:30:22] [INFO ] [main] [Main]: generated build/x86_64/kernel/.partic_src.ll
[2026-07-26 21:39:28] [INFO ] [main] [Main]: loaded /partic_core_stdlib/lang/partic/stdlib/core/Object.partic
[2026-07-26 21:39:28] [INFO ] [main] [Main]: loaded /partic_core_stdlib/lang/partic/stdlib/core/memory/Memory.partic
[2026-07-26 21:39:28] [INFO ] [main] [Main]: loaded /partic_core_stdlib/lang/partic/stdlib/core/memory/manage/Disposable.partic
[2026-07-26 21:39:28] [INFO ] [main] [Main]: loaded /partic_core_stdlib/lang/partic/stdlib/core/exception/Throwable.partic
[2026-07-26 21:39:28] [INFO ] [main] [Main]: loaded /partic_core_stdlib/lang/partic/stdlib/core/exception/exception/RuntimeException.partic
[2026-07-26 21:39:28] [INFO ] [main] [Main]: loaded /partic_core_stdlib/lang/partic/stdlib/core/exception/exception/Exception.partic
[2026-07-26 21:39:28] [INFO ] [main] [Main]: loaded /partic_core_stdlib/lang/partic/stdlib/core/exception/error/Error.partic
[2026-07-26 21:39:28] [INFO ] [main] [Main]: loaded /partic_core_stdlib/lang/partic/stdlib/core/collection/collection/Iterator.partic
[2026-07-26 21:39:28] [INFO ] [main] [Main]: loaded /partic_core_stdlib/lang/partic/stdlib/core/collection/collection/Iterable.partic
[2026-07-26 21:39:28] [INFO ] [main] [Main]: loaded /mnt/e/GoJavaNative/ParticAdditionalStdlib/ParticStdlibAdditional/src/partic/lang/partic/stdlib/additional/collection/collection/Collection.partic
[2026-07-26 21:39:28] [INFO ] [main] [Main]: loaded /mnt/e/GoJavaNative/ParticAdditionalStdlib/ParticStdlibAdditional/src/partic/lang/partic/stdlib/additional/collection/list/ArrayList.partic
[2026-07-26 21:39:28] [INFO ] [main] [Main]: loaded /mnt/e/GoJavaNative/ParticAdditionalStdlib/ParticStdlibAdditional/src/partic/lang/partic/stdlib/additional/collection/list/ArrayListIterator.partic
[2026-07-26 21:39:28] [INFO ] [main] [Main]: loaded /mnt/e/GoJavaNative/ParticAdditionalStdlib/ParticStdlibAdditional/src/partic/lang/partic/stdlib/additional/collection/list/List.partic
[2026-07-26 21:39:28] [INFO ] [main] [Main]: loaded /mnt/e/GoJavaNative/ParticAdditionalStdlib/ParticStdlibAdditional/src/partic/lang/partic/stdlib/additional/collection/map/HashMap.partic
[2026-07-26 21:39:28] [INFO ] [main] [Main]: loaded /mnt/e/GoJavaNative/ParticAdditionalStdlib/ParticStdlibAdditional/src/partic/lang/partic/stdlib/additional/collection/map/Map.partic
[2026-07-26 21:39:28] [INFO ] [main] [Main]: loaded /mnt/e/GoJavaNative/ParticAdditionalStdlib/ParticStdlibAdditional/src/partic/lang/partic/stdlib/additional/math/Math.partic
[2026-07-26 21:39:28] [INFO ] [main] [Main]: loaded /mnt/e/GoJavaNative/ParticAdditionalStdlib/ParticStdlibAdditional/src/partic/lang/partic/stdlib/additional/utils/StrBuilder.partic
[2026-07-26 21:39:28] [INFO ] [main] [Main]: loaded /mnt/e/GoJavaNative/ParticAdditionalStdlib/ParticStdlibAdditional/src/partic/lang/partic/stdlib/additional/utils/StrUtils.partic
[2026-07-26 21:39:28] [INFO ] [main] [Main]: loaded build/x86_64/kernel/.partic_src/mnt/e/Partix_OS/Kernel/kernel/src/main/partic/kr/partix/kernel/io/UART.partic
[2026-07-26 21:39:28] [INFO ] [main] [Main]: loaded build/x86_64/kernel/.partic_src/mnt/e/Partix_OS/Kernel/kernel/src/main/partic/kr/partix/kernel/lib/KrAlloc.partic
[2026-07-26 21:39:28] [INFO ] [main] [Main]: loaded build/x86_64/kernel/.partic_src/mnt/e/Partix_OS/Kernel/kernel/src/main/partic/kr/partix/kernel/main/ApKrMain.partic
[2026-07-26 21:39:28] [INFO ] [main] [Main]: loaded build/x86_64/kernel/.partic_src/mnt/e/Partix_OS/Kernel/kernel/src/main/partic/kr/partix/kernel/main/BspKrMain.partic
[2026-07-26 21:39:28] [INFO ] [main] [Main]: loaded build/x86_64/kernel/.partic_src/mnt/e/Partix_OS/Kernel/kernel/src/main/partic/kr/partix/kernel/sys/System.partic
[2026-07-26 21:39:28] [INFO ] [main] [Main]: entry: kr.partix.kernel.main.BspKrMain
[2026-07-26 21:39:28] [INFO ] [main] [Main]: generated build/x86_64/kernel/.partic_src.ll
[2026-07-26 21:47:57] [INFO ] [main] [Main]: loaded /partic_core_stdlib/lang/partic/stdlib/core/Object.partic
[2026-07-26 21:47:57] [INFO ] [main] [Main]: loaded /partic_core_stdlib/lang/partic/stdlib/core/memory/Memory.partic
[2026-07-26 21:47:57] [INFO ] [main] [Main]: loaded /partic_core_stdlib/lang/partic/stdlib/core/memory/manage/Disposable.partic
[2026-07-26 21:47:57] [INFO ] [main] [Main]: loaded /partic_core_stdlib/lang/partic/stdlib/core/exception/Throwable.partic
[2026-07-26 21:47:57] [INFO ] [main] [Main]: loaded /partic_core_stdlib/lang/partic/stdlib/core/exception/exception/RuntimeException.partic
[2026-07-26 21:47:57] [INFO ] [main] [Main]: loaded /partic_core_stdlib/lang/partic/stdlib/core/exception/exception/Exception.partic
[2026-07-26 21:47:57] [INFO ] [main] [Main]: loaded /partic_core_stdlib/lang/partic/stdlib/core/exception/error/Error.partic
[2026-07-26 21:47:57] [INFO ] [main] [Main]: loaded /partic_core_stdlib/lang/partic/stdlib/core/collection/collection/Iterator.partic
[2026-07-26 21:47:57] [INFO ] [main] [Main]: loaded /partic_core_stdlib/lang/partic/stdlib/core/collection/collection/Iterable.partic
[2026-07-26 21:47:57] [INFO ] [main] [Main]: loaded /mnt/e/GoJavaNative/ParticAdditionalStdlib/ParticStdlibAdditional/src/partic/lang/partic/stdlib/additional/collection/collection/Collection.partic
[2026-07-26 21:47:57] [INFO ] [main] [Main]: loaded /mnt/e/GoJavaNative/ParticAdditionalStdlib/ParticStdlibAdditional/src/partic/lang/partic/stdlib/additional/collection/list/ArrayList.partic
[2026-07-26 21:47:57] [INFO ] [main] [Main]: loaded /mnt/e/GoJavaNative/ParticAdditionalStdlib/ParticStdlibAdditional/src/partic/lang/partic/stdlib/additional/collection/list/ArrayListIterator.partic
[2026-07-26 21:47:57] [INFO ] [main] [Main]: loaded /mnt/e/GoJavaNative/ParticAdditionalStdlib/ParticStdlibAdditional/src/partic/lang/partic/stdlib/additional/collection/list/List.partic
[2026-07-26 21:47:57] [INFO ] [main] [Main]: loaded /mnt/e/GoJavaNative/ParticAdditionalStdlib/ParticStdlibAdditional/src/partic/lang/partic/stdlib/additional/collection/map/HashMap.partic
[2026-07-26 21:47:57] [INFO ] [main] [Main]: loaded /mnt/e/GoJavaNative/ParticAdditionalStdlib/ParticStdlibAdditional/src/partic/lang/partic/stdlib/additional/collection/map/Map.partic
[2026-07-26 21:47:57] [INFO ] [main] [Main]: loaded /mnt/e/GoJavaNative/ParticAdditionalStdlib/ParticStdlibAdditional/src/partic/lang/partic/stdlib/additional/math/Math.partic
[2026-07-26 21:47:57] [INFO ] [main] [Main]: loaded /mnt/e/GoJavaNative/ParticAdditionalStdlib/ParticStdlibAdditional/src/partic/lang/partic/stdlib/additional/utils/StrBuilder.partic
[2026-07-26 21:47:57] [INFO ] [main] [Main]: loaded /mnt/e/GoJavaNative/ParticAdditionalStdlib/ParticStdlibAdditional/src/partic/lang/partic/stdlib/additional/utils/StrUtils.partic
[2026-07-26 21:47:57] [INFO ] [main] [Main]: loaded build/x86_64/kernel/.partic_src/mnt/e/Partix_OS/Kernel/kernel/src/main/partic/kr/partix/kernel/io/UART.partic
[2026-07-26 21:47:57] [INFO ] [main] [Main]: loaded build/x86_64/kernel/.partic_src/mnt/e/Partix_OS/Kernel/kernel/src/main/partic/kr/partix/kernel/lib/KrAlloc.partic
[2026-07-26 21:47:57] [INFO ] [main] [Main]: loaded build/x86_64/kernel/.partic_src/mnt/e/Partix_OS/Kernel/kernel/src/main/partic/kr/partix/kernel/main/ApKrMain.partic
[2026-07-26 21:47:57] [INFO ] [main] [Main]: loaded build/x86_64/kernel/.partic_src/mnt/e/Partix_OS/Kernel/kernel/src/main/partic/kr/partix/kernel/main/BspKrMain.partic
[2026-07-26 21:47:57] [INFO ] [main] [Main]: loaded build/x86_64/kernel/.partic_src/mnt/e/Partix_OS/Kernel/kernel/src/main/partic/kr/partix/kernel/sys/System.partic
[2026-07-26 21:47:57] [INFO ] [main] [Main]: entry: kr.partix.kernel.main.BspKrMain
[2026-07-26 21:47:57] [INFO ] [main] [Main]: generated build/x86_64/kernel/.partic_src.ll
[2026-07-26 21:49:01] [INFO ] [main] [Main]: loaded /partic_core_stdlib/lang/partic/stdlib/core/Object.partic
[2026-07-26 21:49:01] [INFO ] [main] [Main]: loaded /partic_core_stdlib/lang/partic/stdlib/core/memory/Memory.partic
[2026-07-26 21:49:01] [INFO ] [main] [Main]: loaded /partic_core_stdlib/lang/partic/stdlib/core/memory/manage/Disposable.partic
[2026-07-26 21:49:01] [INFO ] [main] [Main]: loaded /partic_core_stdlib/lang/partic/stdlib/core/exception/Throwable.partic
[2026-07-26 21:49:01] [INFO ] [main] [Main]: loaded /partic_core_stdlib/lang/partic/stdlib/core/exception/exception/RuntimeException.partic
[2026-07-26 21:49:01] [INFO ] [main] [Main]: loaded /partic_core_stdlib/lang/partic/stdlib/core/exception/exception/Exception.partic
[2026-07-26 21:49:01] [INFO ] [main] [Main]: loaded /partic_core_stdlib/lang/partic/stdlib/core/exception/error/Error.partic
[2026-07-26 21:49:01] [INFO ] [main] [Main]: loaded /partic_core_stdlib/lang/partic/stdlib/core/collection/collection/Iterator.partic
[2026-07-26 21:49:01] [INFO ] [main] [Main]: loaded /partic_core_stdlib/lang/partic/stdlib/core/collection/collection/Iterable.partic
[2026-07-26 21:49:01] [INFO ] [main] [Main]: loaded /mnt/e/GoJavaNative/ParticAdditionalStdlib/ParticStdlibAdditional/src/partic/lang/partic/stdlib/additional/collection/collection/Collection.partic
[2026-07-26 21:49:01] [INFO ] [main] [Main]: loaded /mnt/e/GoJavaNative/ParticAdditionalStdlib/ParticStdlibAdditional/src/partic/lang/partic/stdlib/additional/collection/list/ArrayList.partic
[2026-07-26 21:49:01] [INFO ] [main] [Main]: loaded /mnt/e/GoJavaNative/ParticAdditionalStdlib/ParticStdlibAdditional/src/partic/lang/partic/stdlib/additional/collection/list/ArrayListIterator.partic
[2026-07-26 21:49:01] [INFO ] [main] [Main]: loaded /mnt/e/GoJavaNative/ParticAdditionalStdlib/ParticStdlibAdditional/src/partic/lang/partic/stdlib/additional/collection/list/List.partic
[2026-07-26 21:49:01] [INFO ] [main] [Main]: loaded /mnt/e/GoJavaNative/ParticAdditionalStdlib/ParticStdlibAdditional/src/partic/lang/partic/stdlib/additional/collection/map/HashMap.partic
[2026-07-26 21:49:01] [INFO ] [main] [Main]: loaded /mnt/e/GoJavaNative/ParticAdditionalStdlib/ParticStdlibAdditional/src/partic/lang/partic/stdlib/additional/collection/map/Map.partic
[2026-07-26 21:49:01] [INFO ] [main] [Main]: loaded /mnt/e/GoJavaNative/ParticAdditionalStdlib/ParticStdlibAdditional/src/partic/lang/partic/stdlib/additional/math/Math.partic
[2026-07-26 21:49:01] [INFO ] [main] [Main]: loaded /mnt/e/GoJavaNative/ParticAdditionalStdlib/ParticStdlibAdditional/src/partic/lang/partic/stdlib/additional/utils/StrBuilder.partic
[2026-07-26 21:49:01] [INFO ] [main] [Main]: loaded /mnt/e/GoJavaNative/ParticAdditionalStdlib/ParticStdlibAdditional/src/partic/lang/partic/stdlib/additional/utils/StrUtils.partic
[2026-07-26 21:49:01] [INFO ] [main] [Main]: loaded build/x86_64/kernel/.partic_src/mnt/e/Partix_OS/Kernel/kernel/src/main/partic/kr/partix/kernel/io/UART.partic
[2026-07-26 21:49:01] [INFO ] [main] [Main]: loaded build/x86_64/kernel/.partic_src/mnt/e/Partix_OS/Kernel/kernel/src/main/partic/kr/partix/kernel/lib/KrAlloc.partic
[2026-07-26 21:49:01] [INFO ] [main] [Main]: loaded build/x86_64/kernel/.partic_src/mnt/e/Partix_OS/Kernel/kernel/src/main/partic/kr/partix/kernel/main/ApKrMain.partic
[2026-07-26 21:49:01] [INFO ] [main] [Main]: loaded build/x86_64/kernel/.partic_src/mnt/e/Partix_OS/Kernel/kernel/src/main/partic/kr/partix/kernel/main/BspKrMain.partic
[2026-07-26 21:49:01] [INFO ] [main] [Main]: loaded build/x86_64/kernel/.partic_src/mnt/e/Partix_OS/Kernel/kernel/src/main/partic/kr/partix/kernel/sys/System.partic
[2026-07-26 21:49:01] [INFO ] [main] [Main]: entry: kr.partix.kernel.main.BspKrMain
[2026-07-26 21:49:01] [INFO ] [main] [Main]: generated build/x86_64/kernel/.partic_src.ll
[2026-07-26 21:51:25] [INFO ] [main] [Main]: loaded /partic_core_stdlib/lang/partic/stdlib/core/Object.partic
[2026-07-26 21:51:25] [INFO ] [main] [Main]: loaded /partic_core_stdlib/lang/partic/stdlib/core/memory/Memory.partic
[2026-07-26 21:51:25] [INFO ] [main] [Main]: loaded /partic_core_stdlib/lang/partic/stdlib/core/memory/manage/Disposable.partic
[2026-07-26 21:51:25] [INFO ] [main] [Main]: loaded /partic_core_stdlib/lang/partic/stdlib/core/exception/Throwable.partic
[2026-07-26 21:51:25] [INFO ] [main] [Main]: loaded /partic_core_stdlib/lang/partic/stdlib/core/exception/exception/RuntimeException.partic
[2026-07-26 21:51:25] [INFO ] [main] [Main]: loaded /partic_core_stdlib/lang/partic/stdlib/core/exception/exception/Exception.partic
[2026-07-26 21:51:25] [INFO ] [main] [Main]: loaded /partic_core_stdlib/lang/partic/stdlib/core/exception/error/Error.partic
[2026-07-26 21:51:25] [INFO ] [main] [Main]: loaded /partic_core_stdlib/lang/partic/stdlib/core/collection/collection/Iterator.partic
[2026-07-26 21:51:25] [INFO ] [main] [Main]: loaded /partic_core_stdlib/lang/partic/stdlib/core/collection/collection/Iterable.partic
[2026-07-26 21:51:25] [INFO ] [main] [Main]: loaded /mnt/e/GoJavaNative/ParticAdditionalStdlib/ParticStdlibAdditional/src/partic/lang/partic/stdlib/additional/collection/collection/Collection.partic
[2026-07-26 21:51:26] [INFO ] [main] [Main]: loaded /mnt/e/GoJavaNative/ParticAdditionalStdlib/ParticStdlibAdditional/src/partic/lang/partic/stdlib/additional/collection/list/ArrayList.partic
[2026-07-26 21:51:26] [INFO ] [main] [Main]: loaded /mnt/e/GoJavaNative/ParticAdditionalStdlib/ParticStdlibAdditional/src/partic/lang/partic/stdlib/additional/collection/list/ArrayListIterator.partic
[2026-07-26 21:51:26] [INFO ] [main] [Main]: loaded /mnt/e/GoJavaNative/ParticAdditionalStdlib/ParticStdlibAdditional/src/partic/lang/partic/stdlib/additional/collection/list/List.partic
[2026-07-26 21:51:26] [INFO ] [main] [Main]: loaded /mnt/e/GoJavaNative/ParticAdditionalStdlib/ParticStdlibAdditional/src/partic/lang/partic/stdlib/additional/collection/map/HashMap.partic
[2026-07-26 21:51:26] [INFO ] [main] [Main]: loaded /mnt/e/GoJavaNative/ParticAdditionalStdlib/ParticStdlibAdditional/src/partic/lang/partic/stdlib/additional/collection/map/Map.partic
[2026-07-26 21:51:26] [INFO ] [main] [Main]: loaded /mnt/e/GoJavaNative/ParticAdditionalStdlib/ParticStdlibAdditional/src/partic/lang/partic/stdlib/additional/math/Math.partic
[2026-07-26 21:51:26] [INFO ] [main] [Main]: loaded /mnt/e/GoJavaNative/ParticAdditionalStdlib/ParticStdlibAdditional/src/partic/lang/partic/stdlib/additional/utils/StrBuilder.partic
[2026-07-26 21:51:26] [INFO ] [main] [Main]: loaded /mnt/e/GoJavaNative/ParticAdditionalStdlib/ParticStdlibAdditional/src/partic/lang/partic/stdlib/additional/utils/StrUtils.partic
[2026-07-26 21:51:26] [INFO ] [main] [Main]: loaded build/x86_64/kernel/.partic_src/mnt/e/Partix_OS/Kernel/kernel/src/main/partic/kr/partix/kernel/io/UART.partic
[2026-07-26 21:51:26] [INFO ] [main] [Main]: loaded build/x86_64/kernel/.partic_src/mnt/e/Partix_OS/Kernel/kernel/src/main/partic/kr/partix/kernel/lib/KrAlloc.partic
[2026-07-26 21:51:26] [INFO ] [main] [Main]: loaded build/x86_64/kernel/.partic_src/mnt/e/Partix_OS/Kernel/kernel/src/main/partic/kr/partix/kernel/main/ApKrMain.partic
[2026-07-26 21:51:26] [INFO ] [main] [Main]: loaded build/x86_64/kernel/.partic_src/mnt/e/Partix_OS/Kernel/kernel/src/main/partic/kr/partix/kernel/main/BspKrMain.partic
[2026-07-26 21:51:26] [INFO ] [main] [Main]: loaded build/x86_64/kernel/.partic_src/mnt/e/Partix_OS/Kernel/kernel/src/main/partic/kr/partix/kernel/sys/System.partic
[2026-07-26 21:51:26] [INFO ] [main] [Main]: entry: kr.partix.kernel.main.BspKrMain
[2026-07-26 21:51:26] [INFO ] [main] [Main]: generated build/x86_64/kernel/.partic_src.ll
[2026-07-26 21:51:49] [INFO ] [main] [Main]: loaded /partic_core_stdlib/lang/partic/stdlib/core/Object.partic
[2026-07-26 21:51:49] [INFO ] [main] [Main]: loaded /partic_core_stdlib/lang/partic/stdlib/core/memory/Memory.partic
[2026-07-26 21:51:49] [INFO ] [main] [Main]: loaded /partic_core_stdlib/lang/partic/stdlib/core/memory/manage/Disposable.partic
[2026-07-26 21:51:49] [INFO ] [main] [Main]: loaded /partic_core_stdlib/lang/partic/stdlib/core/exception/Throwable.partic
[2026-07-26 21:51:49] [INFO ] [main] [Main]: loaded /partic_core_stdlib/lang/partic/stdlib/core/exception/exception/RuntimeException.partic
[2026-07-26 21:51:49] [INFO ] [main] [Main]: loaded /partic_core_stdlib/lang/partic/stdlib/core/exception/exception/Exception.partic
[2026-07-26 21:51:49] [INFO ] [main] [Main]: loaded /partic_core_stdlib/lang/partic/stdlib/core/exception/error/Error.partic
[2026-07-26 21:51:49] [INFO ] [main] [Main]: loaded /partic_core_stdlib/lang/partic/stdlib/core/collection/collection/Iterator.partic
[2026-07-26 21:51:49] [INFO ] [main] [Main]: loaded /partic_core_stdlib/lang/partic/stdlib/core/collection/collection/Iterable.partic
[2026-07-26 21:51:49] [INFO ] [main] [Main]: loaded /mnt/e/GoJavaNative/ParticAdditionalStdlib/ParticStdlibAdditional/src/partic/lang/partic/stdlib/additional/collection/collection/Collection.partic
[2026-07-26 21:51:49] [INFO ] [main] [Main]: loaded /mnt/e/GoJavaNative/ParticAdditionalStdlib/ParticStdlibAdditional/src/partic/lang/partic/stdlib/additional/collection/list/ArrayList.partic
[2026-07-26 21:51:50] [INFO ] [main] [Main]: loaded /mnt/e/GoJavaNative/ParticAdditionalStdlib/ParticStdlibAdditional/src/partic/lang/partic/stdlib/additional/collection/list/ArrayListIterator.partic
[2026-07-26 21:51:50] [INFO ] [main] [Main]: loaded /mnt/e/GoJavaNative/ParticAdditionalStdlib/ParticStdlibAdditional/src/partic/lang/partic/stdlib/additional/collection/list/List.partic
[2026-07-26 21:51:50] [INFO ] [main] [Main]: loaded /mnt/e/GoJavaNative/ParticAdditionalStdlib/ParticStdlibAdditional/src/partic/lang/partic/stdlib/additional/collection/map/HashMap.partic
[2026-07-26 21:51:50] [INFO ] [main] [Main]: loaded /mnt/e/GoJavaNative/ParticAdditionalStdlib/ParticStdlibAdditional/src/partic/lang/partic/stdlib/additional/collection/map/Map.partic
[2026-07-26 21:51:50] [INFO ] [main] [Main]: loaded /mnt/e/GoJavaNative/ParticAdditionalStdlib/ParticStdlibAdditional/src/partic/lang/partic/stdlib/additional/math/Math.partic
[2026-07-26 21:51:50] [INFO ] [main] [Main]: loaded /mnt/e/GoJavaNative/ParticAdditionalStdlib/ParticStdlibAdditional/src/partic/lang/partic/stdlib/additional/utils/StrBuilder.partic
[2026-07-26 21:51:50] [INFO ] [main] [Main]: loaded /mnt/e/GoJavaNative/ParticAdditionalStdlib/ParticStdlibAdditional/src/partic/lang/partic/stdlib/additional/utils/StrUtils.partic
[2026-07-26 21:51:50] [INFO ] [main] [Main]: loaded build/x86_64/kernel/.partic_src/mnt/e/Partix_OS/Kernel/kernel/src/main/partic/kr/partix/kernel/io/UART.partic
[2026-07-26 21:51:50] [INFO ] [main] [Main]: loaded build/x86_64/kernel/.partic_src/mnt/e/Partix_OS/Kernel/kernel/src/main/partic/kr/partix/kernel/lib/KrAlloc.partic
[2026-07-26 21:51:50] [INFO ] [main] [Main]: loaded build/x86_64/kernel/.partic_src/mnt/e/Partix_OS/Kernel/kernel/src/main/partic/kr/partix/kernel/main/ApKrMain.partic
[2026-07-26 21:51:50] [INFO ] [main] [Main]: loaded build/x86_64/kernel/.partic_src/mnt/e/Partix_OS/Kernel/kernel/src/main/partic/kr/partix/kernel/main/BspKrMain.partic
[2026-07-26 21:51:50] [INFO ] [main] [Main]: loaded build/x86_64/kernel/.partic_src/mnt/e/Partix_OS/Kernel/kernel/src/main/partic/kr/partix/kernel/sys/System.partic
[2026-07-26 21:51:50] [INFO ] [main] [Main]: entry: kr.partix.kernel.main.BspKrMain
[2026-07-26 21:51:50] [INFO ] [main] [Main]: generated build/x86_64/kernel/.partic_src.ll
[2026-07-26 21:53:36] [INFO ] [main] [Main]: loaded /partic_core_stdlib/lang/partic/stdlib/core/Object.partic
[2026-07-26 21:53:37] [INFO ] [main] [Main]: loaded /partic_core_stdlib/lang/partic/stdlib/core/memory/Memory.partic
[2026-07-26 21:53:37] [INFO ] [main] [Main]: loaded /partic_core_stdlib/lang/partic/stdlib/core/memory/manage/Disposable.partic
[2026-07-26 21:53:37] [INFO ] [main] [Main]: loaded /partic_core_stdlib/lang/partic/stdlib/core/exception/Throwable.partic
[2026-07-26 21:53:37] [INFO ] [main] [Main]: loaded /partic_core_stdlib/lang/partic/stdlib/core/exception/exception/RuntimeException.partic
[2026-07-26 21:53:37] [INFO ] [main] [Main]: loaded /partic_core_stdlib/lang/partic/stdlib/core/exception/exception/Exception.partic
[2026-07-26 21:53:37] [INFO ] [main] [Main]: loaded /partic_core_stdlib/lang/partic/stdlib/core/exception/error/Error.partic
[2026-07-26 21:53:37] [INFO ] [main] [Main]: loaded /partic_core_stdlib/lang/partic/stdlib/core/collection/collection/Iterator.partic
[2026-07-26 21:53:37] [INFO ] [main] [Main]: loaded /partic_core_stdlib/lang/partic/stdlib/core/collection/collection/Iterable.partic
[2026-07-26 21:53:37] [INFO ] [main] [Main]: loaded /mnt/e/GoJavaNative/ParticAdditionalStdlib/ParticStdlibAdditional/src/partic/lang/partic/stdlib/additional/collection/collection/Collection.partic
[2026-07-26 21:53:37] [INFO ] [main] [Main]: loaded /mnt/e/GoJavaNative/ParticAdditionalStdlib/ParticStdlibAdditional/src/partic/lang/partic/stdlib/additional/collection/list/ArrayList.partic
[2026-07-26 21:53:37] [INFO ] [main] [Main]: loaded /mnt/e/GoJavaNative/ParticAdditionalStdlib/ParticStdlibAdditional/src/partic/lang/partic/stdlib/additional/collection/list/ArrayListIterator.partic
[2026-07-26 21:53:37] [INFO ] [main] [Main]: loaded /mnt/e/GoJavaNative/ParticAdditionalStdlib/ParticStdlibAdditional/src/partic/lang/partic/stdlib/additional/collection/list/List.partic
[2026-07-26 21:53:37] [INFO ] [main] [Main]: loaded /mnt/e/GoJavaNative/ParticAdditionalStdlib/ParticStdlibAdditional/src/partic/lang/partic/stdlib/additional/collection/map/HashMap.partic
[2026-07-26 21:53:37] [INFO ] [main] [Main]: loaded /mnt/e/GoJavaNative/ParticAdditionalStdlib/ParticStdlibAdditional/src/partic/lang/partic/stdlib/additional/collection/map/Map.partic
[2026-07-26 21:53:37] [INFO ] [main] [Main]: loaded /mnt/e/GoJavaNative/ParticAdditionalStdlib/ParticStdlibAdditional/src/partic/lang/partic/stdlib/additional/math/Math.partic
[2026-07-26 21:53:37] [INFO ] [main] [Main]: loaded /mnt/e/GoJavaNative/ParticAdditionalStdlib/ParticStdlibAdditional/src/partic/lang/partic/stdlib/additional/utils/StrBuilder.partic
[2026-07-26 21:53:37] [INFO ] [main] [Main]: loaded /mnt/e/GoJavaNative/ParticAdditionalStdlib/ParticStdlibAdditional/src/partic/lang/partic/stdlib/additional/utils/StrUtils.partic
[2026-07-26 21:53:37] [INFO ] [main] [Main]: loaded build/x86_64/kernel/.partic_src/mnt/e/Partix_OS/Kernel/kernel/src/main/partic/kr/partix/kernel/io/UART.partic
[2026-07-26 21:53:37] [INFO ] [main] [Main]: loaded build/x86_64/kernel/.partic_src/mnt/e/Partix_OS/Kernel/kernel/src/main/partic/kr/partix/kernel/lib/KrAlloc.partic
[2026-07-26 21:53:37] [INFO ] [main] [Main]: loaded build/x86_64/kernel/.partic_src/mnt/e/Partix_OS/Kernel/kernel/src/main/partic/kr/partix/kernel/main/ApKrMain.partic
[2026-07-26 21:53:37] [INFO ] [main] [Main]: loaded build/x86_64/kernel/.partic_src/mnt/e/Partix_OS/Kernel/kernel/src/main/partic/kr/partix/kernel/main/BspKrMain.partic
[2026-07-26 21:53:37] [INFO ] [main] [Main]: loaded build/x86_64/kernel/.partic_src/mnt/e/Partix_OS/Kernel/kernel/src/main/partic/kr/partix/kernel/sys/System.partic
[2026-07-26 21:53:37] [INFO ] [main] [Main]: entry: kr.partix.kernel.main.BspKrMain
[2026-07-26 21:53:37] [INFO ] [main] [Main]: generated build/x86_64/kernel/.partic_src.ll
[2026-07-26 22:02:13] [INFO ] [main] [Main]: loaded /partic_core_stdlib/lang/partic/stdlib/core/Object.partic
[2026-07-26 22:02:13] [INFO ] [main] [Main]: loaded /partic_core_stdlib/lang/partic/stdlib/core/memory/Memory.partic
[2026-07-26 22:02:13] [INFO ] [main] [Main]: loaded /partic_core_stdlib/lang/partic/stdlib/core/memory/manage/Disposable.partic
[2026-07-26 22:02:13] [INFO ] [main] [Main]: loaded /partic_core_stdlib/lang/partic/stdlib/core/exception/Throwable.partic
[2026-07-26 22:02:13] [INFO ] [main] [Main]: loaded /partic_core_stdlib/lang/partic/stdlib/core/exception/exception/RuntimeException.partic
[2026-07-26 22:02:13] [INFO ] [main] [Main]: loaded /partic_core_stdlib/lang/partic/stdlib/core/exception/exception/Exception.partic
[2026-07-26 22:02:13] [INFO ] [main] [Main]: loaded /partic_core_stdlib/lang/partic/stdlib/core/exception/error/Error.partic
[2026-07-26 22:02:13] [INFO ] [main] [Main]: loaded /partic_core_stdlib/lang/partic/stdlib/core/collection/collection/Iterator.partic
[2026-07-26 22:02:13] [INFO ] [main] [Main]: loaded /partic_core_stdlib/lang/partic/stdlib/core/collection/collection/Iterable.partic
[2026-07-26 22:02:13] [INFO ] [main] [Main]: loaded /mnt/e/GoJavaNative/ParticAdditionalStdlib/ParticStdlibAdditional/src/partic/lang/partic/stdlib/additional/collection/collection/Collection.partic
[2026-07-26 22:02:13] [INFO ] [main] [Main]: loaded /mnt/e/GoJavaNative/ParticAdditionalStdlib/ParticStdlibAdditional/src/partic/lang/partic/stdlib/additional/collection/list/ArrayList.partic
[2026-07-26 22:02:13] [INFO ] [main] [Main]: loaded /mnt/e/GoJavaNative/ParticAdditionalStdlib/ParticStdlibAdditional/src/partic/lang/partic/stdlib/additional/collection/list/ArrayListIterator.partic
[2026-07-26 22:02:13] [INFO ] [main] [Main]: loaded /mnt/e/GoJavaNative/ParticAdditionalStdlib/ParticStdlibAdditional/src/partic/lang/partic/stdlib/additional/collection/list/List.partic
[2026-07-26 22:02:13] [INFO ] [main] [Main]: loaded /mnt/e/GoJavaNative/ParticAdditionalStdlib/ParticStdlibAdditional/src/partic/lang/partic/stdlib/additional/collection/map/HashMap.partic
[2026-07-26 22:02:13] [INFO ] [main] [Main]: loaded /mnt/e/GoJavaNative/ParticAdditionalStdlib/ParticStdlibAdditional/src/partic/lang/partic/stdlib/additional/collection/map/Map.partic
[2026-07-26 22:02:13] [INFO ] [main] [Main]: loaded /mnt/e/GoJavaNative/ParticAdditionalStdlib/ParticStdlibAdditional/src/partic/lang/partic/stdlib/additional/math/Math.partic
[2026-07-26 22:02:13] [INFO ] [main] [Main]: loaded /mnt/e/GoJavaNative/ParticAdditionalStdlib/ParticStdlibAdditional/src/partic/lang/partic/stdlib/additional/utils/StrBuilder.partic
[2026-07-26 22:02:13] [INFO ] [main] [Main]: loaded /mnt/e/GoJavaNative/ParticAdditionalStdlib/ParticStdlibAdditional/src/partic/lang/partic/stdlib/additional/utils/StrUtils.partic
[2026-07-26 22:02:13] [INFO ] [main] [Main]: loaded build/x86_64/kernel/.partic_src/mnt/e/Partix_OS/Kernel/kernel/src/main/partic/kr/partix/kernel/io/UART.partic
[2026-07-26 22:02:13] [INFO ] [main] [Main]: loaded build/x86_64/kernel/.partic_src/mnt/e/Partix_OS/Kernel/kernel/src/main/partic/kr/partix/kernel/lib/KrAlloc.partic
[2026-07-26 22:02:13] [INFO ] [main] [Main]: loaded build/x86_64/kernel/.partic_src/mnt/e/Partix_OS/Kernel/kernel/src/main/partic/kr/partix/kernel/main/ApKrMain.partic
[2026-07-26 22:02:13] [INFO ] [main] [Main]: loaded build/x86_64/kernel/.partic_src/mnt/e/Partix_OS/Kernel/kernel/src/main/partic/kr/partix/kernel/main/BspKrMain.partic
[2026-07-26 22:02:13] [INFO ] [main] [Main]: loaded build/x86_64/kernel/.partic_src/mnt/e/Partix_OS/Kernel/kernel/src/main/partic/kr/partix/kernel/sys/System.partic
[2026-07-26 22:02:13] [INFO ] [main] [Main]: entry: kr.partix.kernel.main.BspKrMain
[2026-07-26 22:02:14] [INFO ] [main] [Main]: generated build/x86_64/kernel/.partic_src.ll
